"IDResearching","IDAutor","IDResType","ResYear","ExcavatedArea","IDMonument","Active"
"44","15","4","1984",,"861","true"
"45","15","4","1989",,"861","true"
"46","15","4","1992",,"861","true"
"47","15","4","1994",,"861","true"
"48","15","4","1992",,"862","true"
"49","15","2","1961",,"863","true"
"50","10","2","1964",,"863","true"
"51","63","2","1964",,"864","true"
"52","63","2","1964",,"865","true"
"53","31","2","1946",,"866","true"
"54","15","2","1961",,"866","true"
"55","63","2","1964",,"866","true"
"56","15","2","1964",,"867","true"
"57","31","2","1946",,"868","true"
"58","15","2","1961",,"868","true"
"59","10","4","1964","220","868","true"
"60","15","2","1961",,"869","true"
"61","64","4","1938","80","870","true"
"62","10","4","1971",,"870","true"
"63","10","4","1979",,"870","true"
"64","31","2","1946",,"871","true"
"65","31","2","1946",,"872","true"
"66","31","2","1946",,"873","true"
"67","65","2","1939",,"874","true"
"68","49","2","1954",,"874","true"
"69","56","4","1989","256","874","true"
"70","49","2","1954",,"875","true"
"71","56","4","1988",,"875","true"
"72","49","2","1954",,"876","true"
"73","65","2","1939",,"877","true"
"74","49","2","1954",,"877","true"
"75","65","2","1939",,"878","true"
"76","2","2","1972",,"878","true"
"77","21","3","1965",,"879","true"
"78","21","1","1965",,"880","true"
"79","66","1","1977",,"880","true"
"80","31","2","1949",,"881","true"
"81","21","2","1960",,"881","true"
"82","31","2","1949",,"882","true"
"83","31","2","1949",,"883","true"
"84","2","1","1972",,"884","true"
"85","67","2","1957",,"885","true"
"86","19","2","1987",,"886","true"
"88","19","4","1988","32","887","true"
"89","19","2","1988",,"888","true"
"90","25","2","2008",,"889","true"
"91","42","2","1985",,"891","true"
"92","2","2","1973",,"892","true"
"94","31","3","1946",,"894","true"
"95","15","2","1961",,"894","true"
"96","34","2","1985",,"894","true"
"97","31","2","1946",,"895","true"
"98","31","2","1946",,"896","true"
"99","31","2","1946",,"897","true"
"100","15","2","1961",,"898","true"
"101","34","2","1985",,"898","true"
"102","58","4","1989","92","898","true"
"103","34","2","1985",,"899","true"
"104","66","2","1965",,"900","true"
"105","31","2","1946",,"901","true"
"106","15","2","1961",,"901","true"
"107","21","2","1965",,"902","true"
"108","21","2","1965",,"903","true"
"109","10","3","1964",,"904","true"
"110","15","1","1979",,"905","true"
"111","53","3","1961",,"906","true"
"112","27","2","1976",,"907","true"
"113","63","2","1960",,"908","true"
"114","63","2","1960",,"909","true"
"115","21","2","1965",,"910","true"
"116","21","2","1965",,"911","true"
"117","54","2","1923",,"912","true"
"118","20","4","1970","144","912","true"
"119","63","2","1960",,"913","true"
"120","63","2","1960",,"914","true"
"121","10","2","1966",,"915","true"
"122","10","4","1980",,"916","true"
"123","10","4","1981",,"916","true"
"124","10","4","1982",,"916","true"
"550","73","2","1969",,"992","true"
"551","22","2","1993",,"992","true"
"552","73","2","1969",,"993","true"
"553","26","3","1987",,"993","true"
"554","22","3","1993",,"993","true"
"555","22","3","1993",,"994","true"
"556","73","2","1969",,"995","true"
"557","26","2","1987",,"995","true"
"558","22","3","1993",,"995","true"
"559","73","2","1969",,"996","true"
"560","26","2","1987",,"996","true"
"561","3","4","1992","142","996","true"
"562","22","2","1993",,"996","true"
"563","3","4","1994","114","996","true"
"564","22","3","1993",,"997","true"
"565","22","3","1993",,"998","true"
"566","42","2","1970",,"999","true"
"567","16","2",,,"1000","true"
"568","74","2","1973",,"1000","true"
"569","66","2","1965",,"1001","true"
"570","74","2","1973",,"1002","true"
"571","74","2","1973",,"1003","true"
"572","74","2","1963",,"1004","true"
"573","16","2",,,"1005","true"
"574","74","2","1963",,"1005","true"
"575","21","3","1965",,"1006","true"
"576","74","2","1961",,"1007","true"
"577","66","2","1965",,"1008","true"
"578","63","2","1960",,"1009","true"
"579","63","2","1960",,"1010","true"
"580","63","2","1960",,"1011","true"
"581","63","2","1960",,"1012","true"
"582","20","2","1973",,"1013","true"
"583","19","2","1987",,"1013","true"
"584","20","2","1973",,"1014","true"
"585","19","2","1987",,"1014","true"
"586","29","2","1993",,"1016","true"
"587","19","2","1987",,"1017","true"
"588","19","2","1987",,"1018","true"
"589","19","2","1987",,"1019","true"
"590","19","2","1987",,"1020","true"
"591","63","2","1960",,"1021","true"
"592","49","2","1960",,"1022","true"
"593","17","3","1945",,"1023","true"
"594","17","3","1945",,"1024","true"
"595","17","4","1946",,"1024","true"
"596","17","4","1948",,"1024","true"
"597","17","4","1947",,"1024","true"
"598","17","4","1949",,"1024","true"
"599","17","3","1945",,"1025","true"
"600","17","3","1945",,"1026","true"
"601","17","3","1945",,"1027","true"
"602","32","2","1988",,"1028","true"
"603","73","2","1969",,"1028","true"
"604","1","2",,,"1028","true"
"605","54","2",,,"1028","true"
"606","22","2","1993",,"1028","true"
"607","20",,,,"1028","true"
"608","73","2","1969",,"1029","true"
"609","20","4","1970","80","1029","true"
"610","41","4","1980",,"1029","true"
"611","41","4","1981","416","1029","true"
"612","32","2","1988",,"1029","true"
"613","22","2","1993",,"1029","true"
"614","22","4","1994","100","1029","true"
"615","87","4","1995","107","1029","true"
"616","22","4","1995","228","1029","true"
"617","13","4","2001","100","1029","true"
"618","13","4","2002","100","1029","true"
"619","88","4","1994","342","1029","true"
"621","22","3","1993","3","1030","true"
"622","21","2","1965",,"1031","true"
"623","15","2","1961",,"1032","true"
"624","15","2","1961",,"1033","true"
"625","15","2","1961",,"1034","true"
"626",,,"1969",,"1035","true"
"627","54","2","1922",,"1036","true"
"628","20","2","1969",,"1036","true"
"629","26","2","1987",,"1036","true"
"630","32","2","1988",,"1036","true"
"631","20","2","1992",,"1036","true"
"632","22","3","1993","5","1036","true"
"633","45","4","1998",,"1036","true"
"634","87","4","1999",,"1036","true"
"635","22","4","2001","3704","1036","true"
"636","66","2","1965",,"1037","true"
"637","10","2","1966",,"1038","true"
"638","21","2","1965",,"1039","true"
"639","66","2","1965",,"1040","true"
"640","66","2","1965",,"1041","true"
"641","74","2","1963",,"1042","true"
"642","74","2","1963",,"1043","true"
"643","63","2","1948",,"1044","true"
"644","63","2","1961",,"1044","true"
"645","52","2","1961",,"1045","true"
"646","10","2","1963",,"1045","true"
"647","15","2","1980",,"1045","true"
"648","83","4","1953",,"1046","true"
"649","89","4","1967",,"1047","true"
"650","21","2","1965",,"1048","true"
"651","3","4","1996",,"1048","true"
"652","3","4","1997",,"1048","true"
"653","3","4","1998",,"1048","true"
"654","3","4","1999","1000","1048","true"
"655","52","3","1961",,"1049","true"
"656","52","2","1961",,"1050","true"
"657","52","3","1961","2","1052","true"
"658","22","3","1993","2","1053","true"
"659","40","4","1957","90","1054","true"
"660","40","4","1958","1350","1054","true"
"661","90","4","1970",,"1054","true"
"662","90","4","1972",,"1054","true"
"663","10","4","1978",,"1054","true"
"481","2","2","1969",,"828","true"
"482","2","2","1972",,"828","true"
"483","2","2","1969",,"829","true"
"484","2","2","1972",,"829","true"
"485","2","2","1969",,"830","true"
"486","54","2","1923",,"831","true"
"487","20","4","1984",,"831","true"
"488","20","4","1985","36","831","true"
"489","21","2","1965",,"832","true"
"490","21","2","1965",,"833","true"
"491","73","2","1969",,"834","true"
"492","28","2","1976","32","834","true"
"493","21","2","1965",,"835","true"
"494","27","2","1976",,"836","true"
"495","15","2","1983",,"837","true"
"496","31","2","1946",,"838","true"
"497","15","2","1961",,"838","true"
"498","31","2","1949",,"839","true"
"499","67","2","1957",,"839","true"
"500","67","2","1957",,"840","true"
"501","67","2","1957",,"841","true"
"502","67","2","1957",,"842","true"
"503","31","2","1949",,"843","true"
"504","31","2","1949",,"844","true"
"505","31","2","1949",,"845","true"
"506","31","2","1949",,"846","true"
"507","31","2","1949",,"847","true"
"508","21","2","1961",,"847","true"
"509","31","2","1949",,"848","true"
"510","31","2","1949",,"850","true"
"512","31","2","1949",,"849","true"
"513","21","2","1961",,"849","true"
"514","31","2","1949",,"851","true"
"515","21","2","1961",,"851","true"
"516","17","2","1946",,"852","true"
"518","67","2","1957",,"854","true"
"519","67","2","1957",,"855","true"
"520","72","2","1985",,"856","true"
"521","53","2","1961",,"856","true"
"522","10","2","1967",,"856","true"
"523","10","2","1973",,"856","true"
"524","66","2","1964",,"857","true"
"525","15","2","1961",,"858","true"
"526","31","2","1949",,"859","true"
"527","56","2","2008",,"860","true"
"528","10","2","1964",,"973","true"
"529",,,"1958",,"973","true"
"530","74","2","1965",,"974","true"
"531","74","2","1965",,"975","true"
"532","85","2","1960",,"976","true"
"533","31","2","1946",,"977","true"
"534","74","2","1965",,"978","true"
"535","74","2","1965",,"979","true"
"536","74","2","1965",,"980","true"
"537",,"2","1964",,"981","true"
"538","74","2","1964",,"982","true"
"539","67","2","1957",,"983","true"
"540","27","2","1976",,"984","true"
"541","27","2","1976",,"985","true"
"542","17","2","1945",,"986","true"
"543","15","2","1967",,"987","true"
"544","31","2","1946",,"988","true"
"545","56","2","2008",,"989","true"
"546","56","4","2009","290","989","true"
"547","56","3","2009","20","990","true"
"548","56","3","2009","20","991","true"
"549","69","4","2010","432","991","true"
"665","31","3","1948","3","1058","true"
"667","31","2","1948",,"1056","true"
"668","31","4","1948",,"1054","true"
"669","40","4","1956",,"1054","true"
"670","40","2","1956",,"1055","true"
"671","40","4","1956","72","1056","true"
"672","40","4","1958","153","1056","true"
"673","90","2","1970",,"1057","true"
"674","90","2","1972",,"1057","true"
"675","31","2","1948",,"1059","true"
"676","63","2","1950",,"1061","true"
"677","63","2","1957",,"1061","true"
"678","63","2","1960",,"1061","true"
"679","63","2","1950",,"1062","true"
"680","63","2","1957",,"1062","true"
"681","63","2","1960",,"1062","true"
"682","31","2","1949",,"1063","true"
"683","21","3","1965",,"1064","true"
"684","49","2","1960",,"1065","true"
"685","16","2","1990",,"1065","true"
"686","63","2","1960",,"1066","true"
"687","74","2","1964",,"1067","true"
"688","74","2","1964",,"1068","true"
"689","74","2","1964",,"1069","true"
"690","15","4","2000",,"861","true"
"691","74","2","1964",,"1070","true"
"692","10","3","1978",,"1071","true"
"693",,,"1986",,"1073","true"
"694","63","3","1951",,"1074","true"
"695","63","4","1952","100","1074","true"
"696","66","2","1973",,"1074","true"
"697","66","3","1973",,"1075","true"
"698","63","3","1951",,"1076","true"
"699","66","2","1973",,"1076","true"
"700","66","3","1973",,"1077","true"
"701","63","2","1959",,"1079","true"
"702","63","2","1955",,"1080","true"
"703","16","2",,,"1081","true"
"704","16","2",,,"1082","true"
"705","42","2","1967",,"1083","true"
"706","42","2","1975",,"1083","true"
"707","15","4","1994",,"1084","true"
"708","15","4","1995",,"1084","true"
"709","91","2","1964",,"1085","true"
"710","10","3","1966",,"1085","true"
"711","34","2","1984",,"1086","true"
"712","34","2","1988",,"1087","true"
"713","31","2","1948",,"1088","true"
"714","15","2","1967",,"1088","true"
"715","31","2","1948",,"1089","true"
"716","21","2","1965",,"1090","true"
"717","21","2","1965",,"1091","true"
"718","21","3","1965",,"1092","true"
"719","66","2","1965",,"1093","true"
"720","15","2","1967",,"1094","true"
"721","15","2","1967",,"1095","true"
"722","15","2","1967",,"1096","true"
"723","10","2","1981",,"1097","true"
"724","54","2","1930",,"1098","true"
"725","87","4","1987","95","1099","true"
"726","21","2","1965",,"1100","true"
"727","21","3","1965",,"1101","true"
"728","21","2","1965",,"1102","true"
"729","54","2","1930",,"1103","true"
"730","19","2","1987",,"1103","true"
"731","19","2","1987",,"1104","true"
"732","54","2","1930",,"1105","true"
"733","19","2","1987",,"1105","true"
"734","54","2","1930",,"1106","true"
"735","19","2","1987",,"1106","true"
"736","54","2","1930",,"1107","true"
"737","19","2","1987",,"1107","true"
"738","54","2","1930",,"1108","true"
"739","19","2","1987",,"1108","true"
"740","54","2","1930",,"1109","true"
"741","19","2","1987",,"1109","true"
"742","54","2","1930",,"1110","true"
"743","16","2",,,"1111","true"
"744","21","2","1965",,"1111","true"
"745","21","2","1965",,"1112","true"
"746","21","2","1965",,"1113","true"
"747","21","2","1965",,"1114","true"
"748","21","2","1965",,"1115","true"
"749","21","2","1965",,"1116","true"
"750","21","2","1965",,"1117","true"
"751","21","2","1965",,"1118","true"
"752","21","2","1965",,"1119","true"
"753","49","2","1960",,"1121","true"
"754","49","2","1954",,"1122","true"
"755","49","2","1954",,"1123","true"
"756","49","2","1954",,"1124","true"
"757","49","2","1954",,"1125","true"
"758","21","2","1961",,"1125","true"
"759","65","2","1939",,"1126","true"
"760","49","2","1954",,"1126","true"
"761","15","4","1971",,"1128","true"
"762","63","2","1963",,"1129","true"
"763","66","2","1965",,"1130","true"
"764","74","2","1963",,"1131","true"
"765","74","2","1963",,"1132","true"
"766","74","2","1973",,"1133","true"
"767","10","4","1972","4","1134","true"
"768","1","2","1877",,"1135","true"
"769","1","2","1914",,"1135","true"
"770","65","3","1939","5","1135","true"
"771","49","2","1954",,"1135","true"
"772","21","2","1961",,"1135","true"
"773","2","2","1972",,"1135","true"
"774","20","4","1984",,"1135","true"
"775","20","4","1985",,"1135","true"
"776","20","4","1986",,"1135","true"
"777","20","4","1987",,"1135","true"
"778","20","4","1990",,"1135","true"
"779","20","4","1991",,"1135","true"
"780","20","4","2005","2056","1135","true"
"781","66","2","1965",,"1136","true"
"782","21","2","1965",,"1137","true"
"783","74","2","1963",,"1138","true"
"784","74","2","1963",,"1139","true"
"785","74","2","1963",,"1140","true"
"786","21","3","1965",,"1141","true"
"787","21","2","1965",,"1142","true"
"788","10","2","1978",,"1143","true"
"789","66","1","1965",,"1144","true"
"790","16","2",,,"1145","true"
"791","21","2","1965",,"1146","true"
"792","66","2","1965",,"1147","true"
"793","31","2","1946",,"1148","true"
"794","74","2","1964",,"1149","true"
"795","74","2","1963",,"1150","true"
"796","74","2","1963",,"1151","true"
"797","74","2","1963",,"1152","true"
"798","15","2","1974",,"1153","true"
"799","21","3","1965",,"1154","true"
"800","21","3","1965",,"1155","true"
"801","21","3","1965",,"1156","true"
"802","21","3","1965",,"1157","true"
"803","21","3","1965",,"1158","true"
"804","31","2","1949",,"1159","true"
"805","57","4","1990","60","1159","true"
"808","31","2","1949",,"1161","true"
"809","31","2","1949",,"1162","true"
"810","31","2","1949",,"1163","true"
"811","31","2","1949",,"1164","true"
"812","2","2","1970",,"1165","true"
"813","42","2","1984",,"1167","true"
"814","2","2","1970",,"1168","true"
"815","38","2","1973",,"1168","true"
"816","31","2","1928",,"1169","true"
"817","31","2","1949",,"1169","true"
"818","21","2","1961",,"1169","true"
"819",,"4","1963",,"1169","true"
"820","15","4","1980",,"1169","true"
"821","15","4","1981",,"1169","true"
"822","15","4","1982",,"1169","true"
"823","31","2","1949",,"1170","true"
"824","31","2","1949",,"1171","true"
"825","63","2","1957",,"1172","true"
"826","63","2","1957",,"1173","true"
"827","63","2","1957",,"1174","true"
"828","43","3","1950","5","1175","true"
"829","60","4","1992","62","1175","true"
"830",,,"1984",,"1176","true"
"831","59","2","1993",,"1177","true"
"832","15","4","1961",,"1178","true"
"833","15","4","1962",,"1178","true"
"834","15","4","1963",,"1178","true"
"835","15","4","1964",,"1178","true"
"836","15","4","1965",,"1178","true"
"837","15","2","1961",,"1179","true"
"838","15","2","1962",,"1179","true"
"839","15","2","1963",,"1179","true"
"840","15","2","1964",,"1179","true"
"841","15","2","1965",,"1179","true"
"842","57","3","1989",,"1179","true"
"843","66","3","1955",,"1180","true"
"844","74","3","1971","1","1180","true"
"845","93","2","1911",,"1181","true"
"846","10","3","1963",,"1181","true"
"847","74","2","1963",,"1182","true"
"848","74","2","1963",,"1183","true"
"849","74","2","1973",,"1184","true"
"850","74","2","1973",,"1185","true"
"851","74","2","1973",,"1186","true"
"852","74","2","1973",,"1187","true"
"853","10","4","1988","40","1188","true"
"854","94","4","1871",,"1189","true"
"855","31","3","1948","4","1189","true"
"856","10","2","1965",,"1189","true"
"857","31","2","1948",,"1190","true"
"858","10","2","1965",,"1190","true"
"859","31","3","1948","8","1191","true"
"860","10","2","1965",,"1191","true"
"861","31","2","1948",,"1192","true"
"862","10","2","1965",,"1192","true"
"863","10","2","1965",,"1195","true"
"864","10","2","1965",,"1196","true"
"865","10","2","1965",,"1197","true"
"866","66","2","1965",,"1198","true"
"867","63","2","1960",,"1199","true"
"868","63","2","1960",,"1200","true"
"869","31","2","1949",,"1202","true"
"870","21","2","1961",,"1202","true"
"871","9","2","1877",,"1203","true"
"872","31","2","1949",,"1203","true"
"873","21","2","1961",,"1203","true"
"874","16","4","2007",,"1203","true"
"875","16","4","2008",,"1203","true"
"876","31","2","1949",,"1204","true"
"877","21","3","1961",,"1204","true"
"878",,,"1958",,"1205","true"
"879",,,"1971",,"1205","true"
"880","54","2","1923",,"1206","true"
"881","26","2","1987",,"1206","true"
"882","32","3","1988","3","1206","true"
"883","22","3","1993",,"1206","true"
"884","26","2","1987",,"1208","true"
"885","26","2","1987",,"1207","true"
"886","32","2","1988",,"1207","true"
"887","73","2","1969",,"1207","true"
"888","20","4","1973","39","1207","true"
"889","22","2","1993",,"1207","true"
"890","22","2","1993",,"1208","true"
"891","10","4","1973","48","1209","true"
"892","72","2","1895",,"1210","true"
"893","65","2","1940",,"1210","true"
"894","74","2","1955",,"1210","true"
"895","10","4","1973","90","1210","true"
"896","66","2","1955",,"1211","true"
"897","10","2","1973",,"1211","true"
"898","10","4","1976","75","1211","true"
"899","63","2","1955",,"1212","true"
"900","63","2","1965",,"1212","true"
"901","10","2","1973",,"1213","true"
"902","74","2","1967",,"1214","true"
"903","21","2","1965",,"1215","true"
"904","66","2","1965",,"1216","true"
"905","31","2","1946",,"1217","true"
"906","31","2","1946",,"1218","true"
"907","63","2","1957",,"1219","true"
"908","74","2","1963",,"1220","true"
"909","74","2","1963",,"1221","true"
"910","74","2","1963",,"1222","true"
"911","31","2","1946",,"1223","true"
"912","31","2","1946",,"1224","true"
"913","10","2","1981",,"1225","true"
"914","15","2","1981",,"1225","true"
"915","2","2","1969",,"1226","true"
"916","96","2","1971",,"1226","true"
"917","2","2","1969",,"1227","true"
"918","2","2","1970",,"1227","true"
"919","2","2","1972",,"1227","true"
"920","74","2","1963",,"1228","true"
"921","16","2",,,"1228","true"
"922","74","2","1963",,"1229","true"
"923","35","3","1953",,"1230","true"
"924","72","4","1893",,"1231","true"
"925","78","4","1898",,"1231","true"
"926","77","2","1961",,"1231","true"
"927","21","2","1965",,"1232","true"
"928","21","3","1965",,"1233","true"
"929","21","3","1965",,"1234","true"
"930","84","2","1987",,"1235","true"
"931","32","2","1988",,"1235","true"
"932","22","3","1993",,"1235","true"
"933","97","4","1988","512","1236","true"
"934","22","3","1993","2","1236","true"
"935","26","2","1987",,"1237","true"
"936","2","2","1970",,"1238","true"
"937","54","2","1930",,"1239","true"
"938","31","2","1946",,"1240","true"
"939","31","2","1946",,"1241","true"
"940","15","2","1961",,"1241","true"
"125","10","4","1983",,"916","true"
"126","10","4","1986",,"917","true"
"127","10","4","1987","828","917","true"
"128","68","2","1961",,"918","true"
"129","10","2","1963",,"918","true"
"130","10","2","1984",,"918","true"
"131","10","4","1963","776","919","true"
"132","10","2","1963",,"920","true"
"133","10","2","1984",,"920","true"
"134","10","2","1963",,"921","true"
"135","10","2","1963",,"922","true"
"136","57","4","1990","97","917","true"
"137","17","3","1948",,"923","true"
"138","17","4","1969",,"923","true"
"139","17","4","1970",,"923","true"
"140","2","2","1971",,"923","true"
"141","17","3",,,"924","true"
"142","50","4","1970",,"925","true"
"143","20","4","1971","100","925","true"
"144","69","3","2007","8","926","true"
"145","69","3","2007","12","927","true"
"146","25","2","2007",,"928","true"
"151","66","2","1964",,"930","true"
"152","21","2","1961",,"931","true"
"153","66","2","1964",,"932","true"
"154","10","3","1977",,"933","true"
"155","10","2","1977",,"934","true"
"156","27","3","1976",,"935","true"
"157","27","2","1976",,"936","true"
"158","31","2","1949",,"937","true"
"159","36","2","1938",,"938","true"
"160","49","4","1954","64","938","true"
"162","10","2","1977",,"939","true"
"163","17","2","1948",,"940","true"
"164","17","3","1948",,"941","true"
"165","21","2","1965",,"942","true"
"166","21","2","1965",,"943","true"
"167","21","2","1965",,"944","true"
"168","21","2","1965",,"945","true"
"169","16","2","1988",,"946","true"
"170","16","3","1989","5","946","true"
"171","16","4","1990","60","946","true"
"172","10","2","1966",,"947","true"
"173","10","2",,,"948","true"
"174","66","2","1955",,"949","true"
"175","72","4",,,"950","true"
"176","73","2","1969",,"951","true"
"177","22","2","1993",,"951","true"
"178","74","2","1964",,"952","true"
"179","26","2","1987",,"953","true"
"180","75","4","1989","600","953","true"
"181","49","2","1960",,"954","true"
"182","49","3","1960",,"955","true"
"183","49","2","1960",,"956","true"
"184","49","2","1960",,"957","true"
"185","10","2","1966",,"958","true"
"186","10","2","1966",,"959","true"
"187","31","2","1949",,"960","true"
"188","21","2","1961",,"960","true"
"189","31","2","1949",,"961","true"
"190","21","2","1961",,"961","true"
"191","31","2","1949",,"962","true"
"192","21","2","1961",,"962","true"
"194","21","2","1961",,"963","true"
"195","21","2","1961",,"964","true"
"196","12","4","1973",,"966","true"
"197","12","4","1974",,"966","true"
"198","12","4","1975",,"966","true"
"199","28","4","1976","76","966","true"
"200","28","4","1977",,"966","true"
"201","14","4","1999","300","966","true"
"202","20","4","1974",,"967","true"
"203","63","2","1963",,"968","true"
"204","63","2","1963",,"969","true"
"205","74","2","1963",,"970","true"
"206","74","2","1973",,"971","true"
"207","74","2","1973",,"972","true"
"208","21","2","1965",,"617","true"
"209","21","2","1965",,"618","true"
"210","36","2","1938",,"619","true"
"211","10","2","1966",,"620","true"
"212","36","2","1960",,"621","true"
"213","76","2","1984",,"622","true"
"214","76","2","1984",,"623","true"
"215","31","2","1946",,"624","true"
"216","31","2","1949",,"625","true"
"217","21","3","1965",,"626","true"
"218","21","3","1965",,"627","true"
"219","66","2","1965",,"628","true"
"220","66","2","1965",,"629","true"
"221","52","2","1961",,"630","true"
"222","19","2","1987",,"631","true"
"223","17","3","1945",,"632","true"
"224","17","4","1949",,"632","true"
"226","2","3","1970",,"632","true"
"227","17","4",,,"633","true"
"228","7","4","1947",,"634","true"
"229","7","4","1948","237","634","true"
"230","21","2","1965",,"636","true"
"231","21","2","1965",,"637","true"
"232","31","2","1946",,"638","true"
"233","31","2","1946",,"639","true"
"234","31","2","1946",,"640","true"
"235","15","2","1961",,"640","true"
"236","63","2","1960",,"641","true"
"237","63","2","1960",,"642","true"
"238","63","2","1960",,"643","true"
"239","10","4","1966",,"644","true"
"240","10","2","1966",,"645","true"
"941","98","4","1963",,"1242","true"
"942","98","4","1964",,"1242","true"
"943","98","4","1965",,"1242","true"
"944","98","4","1963",,"1243","true"
"945","98","4","1964",,"1243","true"
"946","98","4","1965",,"1243","true"
"947","54","2","1930",,"1244","true"
"948","19","2","1987",,"1244","true"
"949","66","2","1957",,"1246","true"
"950",,,"1958",,"1247","true"
"951","2","2","1970",,"1249","true"
"952","74","2","1964",,"1250","true"
"953","63","2","1955",,"1251","true"
"954","99","2","1928",,"1252","true"
"955","31","2","1949",,"1252","true"
"956","31","2","1949",,"1253","true"
"957","99","2","1928",,"1254","true"
"958","31","2","1949",,"1254","true"
"959","31","2","1949",,"1255","true"
"960","31","2","1949",,"1256","true"
"961","31","2","1949",,"1257","true"
"962","31","2","1949",,"1258","true"
"963","50","2","1967",,"1259","true"
"964","31","2","1948",,"1261","true"
"965","53","3","1961",,"1261","true"
"966","21","2","1965",,"1262","true"
"967","21","2","1965",,"1263","true"
"968","66","2","1965",,"1264","true"
"969","26","2","1987",,"1265","true"
"970","22","3","1993","3","1265","true"
"971","73","3","1969","1","1266","true"
"972","26","3","1987",,"1266","true"
"973","22","3","1993","2","1266","true"
"974","22","3","1993","2","1267","true"
"975","22","3","1993","2","1268","true"
"976","22","3","1993","4","1269","true"
"977","100","2","1973",,"1270","true"
"978","101","4","1979",,"1270","true"
"979","101","4","1980",,"1270","true"
"980","102","4","1981",,"1270","true"
"981","102","4","1982",,"1270","true"
"982","31","2","1948",,"1271","true"
"983","53","3","1961","1","1271","true"
"984","66","2","1964",,"1272","true"
"985","52","3","1961","1","1273","true"
"986","52","3","1961",,"1274","true"
"987","10","3","1964",,"1275","true"
"988","10","3","1965",,"1275","true"
"989","31","2","1949",,"1276","true"
"990","21","2","1961",,"1276","true"
"991","31","2","1949",,"1277","true"
"992","21","2","1961",,"1277","true"
"993","31","2","1949",,"1278","true"
"994","21","2","1961",,"1278","true"
"995","31","2","1949",,"1279","true"
"996","21","2","1961",,"1279","true"
"997","36","2","1938",,"1280","true"
"998","2","2","1970",,"1280","true"
"999","2","2","1972",,"1280","true"
"1000","74","2","1965",,"1281","true"
"1001","21","2","1965",,"1282","true"
"1002","17","3","1945",,"1283","true"
"1003","17","3","1945",,"1284","true"
"1004","66","2","1965",,"1285","true"
"1005","31","2","1946",,"1286","true"
"1006","31","2","1946",,"1287","true"
"1007","31","4","1949",,"1288","true"
"1008","21","2","1961",,"1288","true"
"1009","31","2","1950",,"1289","true"
"1010","60","4","1990","86","1289","true"
"1012","103","2","1997",,"666","true"
"1013",,,"1983",,"1325","true"
"1014","34",,"1984",,"1326","true"
"1015",,,"1965",,"1326","true"
"1018",,"2","1996",,"1329","true"
"1019","57","2","2011",,"1364","true"
"1020","40","4","1959",,"1365","true"
"1021","40","4","1959",,"1366","true"
"1022","40","4","1959",,"1367","true"
"1023","105","4","2012","240","1368","true"
"1024","107","4","1998","80","1369","true"
"1025","106","2","2002",,"1374","true"
"1026","108","2","1974",,"1372","true"
"1027","109","2","2009",,"1372","true"
"1028","109","2","2009",,"1373","true"
"1029","110","2",,,"1373","true"
"1030","111","2",,,"1379","true"
"1031","109","2","2009",,"1379","true"
"1032","112","2",,,"1378","true"
"1033","109","2","2009",,"1378","true"
"1034","80","4","1981","200","1380","true"
"1035","54","2","1922",,"1380","true"
"1036","20","2","1973",,"1380","true"
"1037","20","4","1982","1816","1380","true"
"1038","20","4","1983","1180","1380","true"
"1039","20","4","1984","512","1380","true"
"1040","20","4","2002",,"1380","true"
"1041","20","4","2003","132","1380","true"
"1042","25","3","2013","3","1380","true"
"1043","3","2","1991",,"1091","true"
"1044","3","4","1995",,"1091","true"
"1045","3","2","1991",,"1383","true"
"1046","3","4","1999","244","1383","true"
"1047","3","2","1999",,"1384","true"
"1048","3","4","2001","275","1384","true"
"1049","87","2","1977",,"1383","true"
"1050","3","2","1991",,"1385","true"
"1051","3","2","1999",,"1385","true"
"1052","116","2","1977",,"1386","true"
"1053","117","4","1977",,"1386","true"
"1054","117","4","1978","540","1386","true"
"1055","3","2","1991",,"1090","true"
"1056","3","2","1991",,"1092","true"
"1057","3","2","1992",,"1387","true"
"1058","3","2","1991",,"1388","true"
"1059","3","4","1995",,"1388","true"
"1060","3","4","2001",,"1388","true"
"1061","3","4","2006",,"1388","true"
"1062","3","2","1992",,"1389","true"
"1063","3","2","1995",,"1390","true"
"1064","3","2","1992",,"1391","true"
"1065","3","4","1995","42","1391","true"
"1066","21","2","1965",,"1392","true"
"1067","118","2","1989",,"1394","true"
"1068","3","2","1991",,"1396","true"
"1069","3","2","1991",,"1395","true"
"1070","116","2","1977",,"1397","true"
"1071","3","2","1991",,"1397","true"
"1072","3","2","1991",,"1263","true"
"1074","119","4","2002",,"674","true"
"1075","109","3","2013","1","1370","true"
"1076","109","2","2012",,"1370","true"
"1077","109","2","2012",,"1404","true"
"1078","109","2","2013",,"1404","true"
"1079","109","2","2012",,"1401","true"
"1080","109","3","2013","1","1401","true"
"1081","109","2","2012",,"1377","true"
"1082","120","2","1891",,"1289","true"
"1083","120","2","1909",,"1289","true"
"1084","106","3","2007",,"1405","true"
"1085","106","4","2011","144","1405","true"
"1086","109","3","2011","8","1379","true"
"1087","109","2","2012",,"1406","true"
"1088","109","2","2012",,"1407","true"
"1089","109","2","2012",,"1408","true"
"1090","106","2","2001",,"1372","true"
"1091","120","2","1909",,"1175","true"
"1092","110","2",,,"1409","true"
"1093",,"4","2006",,"1409","true"
"1094",,"4","2007",,"1409","true"
"1095",,"4","2008",,"1409","true"
"1096",,"4","2009",,"1409","true"
"1097",,"4","2011",,"1409","true"
"1098",,"4","2012","704","1409","true"
"1099","33","2","1963",,"632","true"
"1100","105","2","2014",,"1410","true"
"1101","10","2","1981",,"1096","true"
"1102","10","2","1981",,"881","true"
"1103","10","2","1981",,"1288","true"
"1104","10","2","1981",,"1411","true"
"1105","119","2","2006",,"1412","true"
"1106","124","2","2014",,"1413","true"
"1107","125","4","2014","20","1414","true"
"1108","124","2","2014",,"1416","true"
"1109","124","2","2014",,"1417","true"
"1110","69","2","2014",,"1419","true"
"1111","33","2","1963",,"1308","true"
"1112","2","2","1972",,"1308","true"
"1113","33","2","1963",,"1309","true"
"1114","127","2","1990",,"1310","true"
"1116","2","2","1972",,"1422","true"
"1117","129","2","1991",,"1422","true"
"1118","129","2","1991",,"787","true"
"1119","129","2","1991",,"1423","true"
"1120","129","2","1991",,"1424","true"
"1121","130","2","1989",,"1425","true"
"1122","130","2","1989",,"828","true"
"1123","130","2","1989",,"829","true"
"1124","130","2","1989",,"1426","true"
"1125","130","2","1989",,"1296","true"
"1126","130","2","1989",,"1427","true"
"1127","56","2","1989",,"877","true"
"1128","56","4","1994","60","1428","true"
"1129","36","2","1938",,"1428","true"
"1130","131","2","1987",,"1428","true"
"1131","3","2","2010",,"1429","true"
"1132","132","2","1971",,"1430","true"
"1134","132","2","1971",,"762","true"
"1135","132","2","1971",,"932","true"
"1136","132","2","1971",,"872","true"
"1137","132","2","1971",,"1275","true"
"1138","132","2","1971",,"919","true"
"1139","134","4","2014",,"919","true"
"1140","135","2","конец 20-х гг.",,"919","true"
"1141","21","3","1961","1","929","true"
"1142","132","2","1971",,"1432","true"
"1143","132","2","1971",,"1433","true"
"1144","132","2","1971",,"1431","true"
"1145","21","2","1961",,"1420","true"
"1146","136","2","2014",,"1420","true"
"1147","34","2","1984",,"1433","true"
"1148","137","2","2008",,"1335","true"
"241","10","2","1966",,"646","true"
"242","10","2","1963",,"647","true"
"243","10","2","1963",,"649","true"
"244","77","2","1961",,"648","true"
"245","63","2","1963",,"648","true"
"246","63","2","1963",,"650","true"
"247","10","2","1963",,"651","true"
"248","7","4","1955","268","652","true"
"249","10","2","1963",,"652","true"
"250","78","3","1898",,"653","true"
"251","39","4","1925","70","653","true"
"252","8","4","1954","260","653","true"
"253","77","2","1961",,"653","true"
"254","10","1","1962",,"653","true"
"255","10","3","1963",,"653","true"
"256","31","2","1949",,"654","true"
"258","79","2","1992",,"656","true"
"259","20","4","1992","164","656","true"
"260","54","2","1922",,"657","true"
"261","65","3","1938","3","657","true"
"262","73","2","1969",,"657","true"
"263","26","2","1987",,"657","true"
"264","32","2","1988",,"657","true"
"265","17","2","1948",,"658","true"
"266","2","2","1970",,"658","true"
"267","17","2","1948",,"659","true"
"268","2","2","1970",,"659","true"
"269","66","2","1965",,"660","true"
"270","27","2","1976",,"661","true"
"271","26","2","1987",,"662","true"
"272","34","4","1985",,"663","true"
"273","49","2","1960",,"664","true"
"274","15","2","1961",,"664","true"
"275","10","2","1967",,"665","true"
"276","63","2","1960",,"666","true"
"277","54","2","1930",,"667","true"
"278","19","2","1987",,"667","true"
"279","19","2","1987",,"668","true"
"280","54","2","1930",,"669","true"
"281","31","2","1949",,"670","true"
"282","31","2","1949",,"671","true"
"283","31","2","1946",,"672","true"
"284","21","2","1965",,"673","true"
"285","67","2","1957",,"674","true"
"286","67","2","1957",,"675","true"
"287","17","3","1945",,"676","true"
"288","17","3","1945",,"677","true"
"289","10","4","1979","150","678","true"
"290","66","2","1974",,"679","true"
"291","2","3","1970","1","680","true"
"292","27","2","1976",,"680","true"
"293","26","2","1987",,"681","true"
"294","19","3","1988",,"682","true"
"295","31","2","1949",,"683","true"
"296","66","1","1977",,"684","true"
"297","31","2","1949",,"685","true"
"298","31","2","1949",,"686","true"
"299","31","2","1949",,"687","true"
"300","31","2","1949",,"688","true"
"301","31","2","1949",,"689","true"
"302","31","2","1949",,"690","true"
"303","26","2","1987",,"691","true"
"304","43","2","1950",,"692","true"
"305","10","2","1962",,"692","true"
"306","67","3","1957",,"693","true"
"307","31","3","1950",,"694","true"
"308","31","3","1950",,"695","true"
"309","67","2","1957",,"696","true"
"310","63","1","1957",,"697","true"
"311","67","2","1957",,"698","true"
"312","67","2","1957",,"699","true"
"313","49","2","1960",,"700","true"
"314","49","2","1960",,"701","true"
"315","31","2","1949",,"702","true"
"316","31","2","1949",,"703","true"
"317","31","2","1949",,"704","true"
"318","21","2","1965",,"705","true"
"319","2","2","1969",,"706","true"
"320","2","2","1972",,"706","true"
"321","80","2","1980",,"708","true"
"322","79","2","1988",,"709","true"
"323","66","2","1965",,"710","true"
"324","67","2","1957",,"711","true"
"325","31","2","1946",,"712","true"
"326","31","3","1946",,"713","true"
"327","15","2","1961",,"713","true"
"328","15","2","1964",,"714","true"
"329","15","2","1964",,"715","true"
"330","21","2","1965",,"716","true"
"331","21","3","1965",,"717","true"
"332","21","2","1965",,"718","true"
"333","49","2","1960",,"719","true"
"334","26","2","1987",,"720","true"
"335","20","2","1992",,"720","true"
"336","26","2","1987",,"721","true"
"337","26","2","1987",,"722","true"
"338","26","2","1987",,"723","true"
"339","26","2","1987",,"724","true"
"340","26","3","1987","2","725","true"
"341","74","2","1964",,"726","true"
"342","74","2","1965",,"727","true"
"343","74","2","1965",,"728","true"
"344","54","2","1923",,"729","true"
"345","81","2","1974",,"729","true"
"346","54","2","1923",,"730","true"
"347","20","2","1971",,"730","true"
"348","30","2","1982",,"731","true"
"349","26","2","1987",,"732","true"
"350","21","2","1965",,"733","true"
"351","16","2",,,"733","true"
"352","21","2","1965",,"734","true"
"353","54","2","1930",,"735","true"
"354","54","2","1930",,"736","true"
"355","15","2","1961",,"737","true"
"356","31","2","1946",,"738","true"
"357","31","2","1946",,"739","true"
"358","31","2","1946",,"740","true"
"359","31","2","1946",,"741","true"
"360","49","2","1954",,"742","true"
"361","21","2","1961",,"742","true"
"362","15","2","1971",,"743","true"
"363","21","2","1961",,"744","true"
"364","21","2","1961",,"745","true"
"365","54","2","1922",,"746","true"
"366","12","4","1973","100","746","true"
"367","12","4","1975","268","746","true"
"368","32","2","1988",,"746","true"
"369","22","2","1993",,"746","true"
"370","82","2","1974",,"747","true"
"371","26","2","1987",,"747","true"
"372","22","2","1993",,"747","true"
"373","27","2","1976",,"748","true"
"374","63","2","1960",,"749","true"
"375","10","2","1966",,"750","true"
"376","21","2","1965",,"751","true"
"377","21","2","1965",,"752","true"
"378","31","2","1948",,"753","true"
"379","21","3","1961",,"754","true"
"380","21","3","1961",,"755","true"
"381","21","3","1961",,"756","true"
"382","1","2","1877",,"757","true"
"383","1","2","1914",,"757","true"
"384","65","2","1938",,"757","true"
"385","21","3","1961",,"757","true"
"386","2","2","1972",,"757","true"
"387","17","2","1946",,"758","true"
"388","17","4","1949",,"758","true"
"389","2","2","1970",,"758","true"
"390","17","2","1946",,"759","true"
"391","31","2","1946",,"760","true"
"392","31","2","1946",,"761","true"
"393","15","3","1961","2","761","true"
"394","10","4","1977",,"761","true"
"395","10","4","1978","316","761","true"
"396","34","2","1984",,"761","true"
"397","15","2","1962",,"762","true"
"398","15","3","1961",,"763","true"
"399","74","2","1963",,"764","true"
"400","21","2","1961",,"766","true"
"401","21","3","1965",,"767","true"
"402","31","3","1949",,"768","true"
"403","21","2","1961",,"768","true"
"404","31","2","1949",,"769","true"
"405","21","2","1961",,"769","true"
"406","63","2","1964",,"770","true"
"407","63","2","1964",,"771","true"
"408","63","2","1964",,"772","true"
"409","63","2","1964",,"773","true"
"410","17","2","1945",,"776","true"
"411","17","3","1945",,"775","true"
"412","17","3","1945",,"774","true"
"413","30","2","1982",,"777","true"
"414","19","2","1987",,"778","true"
"415","30","2","1982",,"779","true"
"416","23","3","1977","46","780","true"
"417","26","2","1987",,"781","true"
"418","26","3","1987",,"782","true"
"419","29","2","1993",,"783","true"
"420","29","2","1993",,"784","true"
"421","29","2","1993",,"785","true"
"422","21","2","1965",,"786","true"
"423","21","3","1965",,"788","true"
"424","15","4","1992","42","789","true"
"425","15","2","1961",,"793","true"
"426","15","4","1977","114","793","true"
"427","34","2","1985",,"793","true"
"428","15","2","1961",,"790","true"
"429","31","2","1946",,"791","true"
"430","15","2","1974",,"792","true"
"431","63","2","1948",,"794","true"
"432","10","4","1983",,"795","true"
"433","31","3","1948",,"796","true"
"434","31","4","1953",,"796","true"
"435","31","4","1954","1660","796","true"
"436","31","2","1948",,"797","true"
"437","10","2","1983",,"798","true"
"438","63","2","1948",,"800","true"
"439","31","2","1948",,"799","true"
"440","53","2","1961",,"799","true"
"441","10","2","1978",,"801","true"
"442","35","4","1952",,"802","true"
"443","21","2","1965",,"803","true"
"444","27","2","1976",,"804","true"
"445","21","2","1965",,"805","true"
"446","21","2","1965",,"806","true"
"447","21","2","1965",,"807","true"
"448","16","2",,,"807","true"
"449","54","2","1922",,"809","true"
"450","20","4","1970","276","809","true"
"451","26","2","1987",,"809","true"
"452","30","2","1989",,"809","true"
"453","21","2","1965",,"810","true"
"454","21","3","1965",,"811","true"
"455","31","2","1949",,"812","true"
"456","21","2","1960",,"812","true"
"457","21","2","1961",,"812","true"
"458","31","2","1949",,"813","true"
"459","21","2","1960",,"813","true"
"460","21","2","1961",,"813","true"
"461","31","2","1949",,"814","true"
"462","21","2","1960",,"814","true"
"463","21","2","1961",,"814","true"
"464","21","2","1965",,"816","true"
"465","63","2","1946",,"817","true"
"466","63","2","1946",,"818","true"
"467","63","2","1948",,"819","true"
"468","83","2","1977",,"819","true"
"469","63","2","1950",,"820","true"
"470","63","2","1950",,"821","true"
"471","74","2","1964",,"822","true"
"472","74","2","1964",,"823","true"
"473","21","2","1965",,"825","true"
"474","74","2","1965",,"824","true"
"475","17","2","1945",,"826","true"
"476","84","2","1987",,"827","true"
"477","3","4","1993","70","827","true"
"478","3","4","1995","76","827","true"
"479","3","4","1996","20","827","true"
"480","3","4","1999","40","827","true"
