ResAuthor,CoAuthors,ResName,ResYear,MonName,ExcName,ExcArea,ExcBoss,N,E,RepName,RepYear,RepCity,RepStorage,RepNum,Файл,Index
Смирнов А.П.,,,1938,Коптелов Бугор,Раскоп А,80,Калинин H.Ф.,54.987055334,49.063296706,Отчет о раскопках в селе Болгарах Куйбышевского района ТАССР в 1938 году,,,Болгарский государственный историко-архитектурный музей-заповедник,КП-78; № 22,Смирнов АП_Калинин НФ_Ефимова АМ_Болгары 1938 (р_А_Б_В),1
Смирнов А.П.,,,1938,Болгарское городище,Раскоп Б,150,Ефимова A.M.,54.987186984,49.056761715,Отчет о раскопках в селе Болгарах Куйбышевского района ТАССР в 1938 году,,,Болгарский государственный историко-архитектурный музей-заповедник,,Смирнов АП_Калинин НФ_Ефимова АМ_Болгары 1938 (р_А_Б_В),2
Смирнов А.П.,,,1938,Северный мавзолей (Монастырский погреб) ,Раскоп В,36,Калинин H.Ф.,54.986221242,49.055888740,Отчет о раскопках в селе Болгарах Куйбышевского района ТАССР в 1938 году,,,Болгарский государственный историко-архитектурный музей-заповедник,,Смирнов АП_Калинин НФ_Ефимова АМ_Болгары 1938 (р_А_Б_В),3
Смирнов А.П.,,,1939,Красная палата (руины),Раскоп на Красной палате,350,Калинин H.Ф.,54.987000781,49.056856659,Краткий отчет о работе Болгарской экспедиции государственного исторического музея за 1939 г.,,,Болгарский государственный историко-архитектурный музей-заповедник,№ 23-1,Смирнов АП_Красная палата_Болгары ГИМ 1939,4
Смирнов А.П.,,,1940,Красная палата (руины),Раскоп на Красной палате,350,Калинин H.Ф.,54.987000781,49.056856659,,,,,,,5
Смирнов А.П.,,"Объединенная АЭ ИИМК им. Н.Я. Марра АН СССР, ГИМ и Гос. музея Татарской АССР.",1945,Болгарское городище,Раскоп у Британкина озера,98,Калинин H.Ф.,54.984393294,49.043348889,Отчет об исследовании городища Великие Болгары в 1945 г.,,Москва,Институт археологии РАН,"Р-l, № 42",,6
Смирнов А.П.,,"Объединенная АЭ ИИМК им. Н.Я. Марра АН СССР, ГИМ и Гос. музея Татарской АССР.",1945,Болгарское городище,Раскоп А; по старой дороги к Ага-Базару ,22.5,,54.989678882,49.017446409,Отчет об исследовании городища Великие Болгары в 1945 г.,,Москва,Институт археологии РАН,"p-I, № 42",,7
Смирнов А.П.,,"Объединенная АЭ ИИМК им. Н.Я. Марра АН СССР, ГИМ и Гос. музея Татарской АССР.",1945,Греческая палата (руины),Раскоп Б; у Греческой палаты,408,Ефимова A.M.,54.986752778,49.035478306,Отчет об исследовании городища Великие Болгары в 1945 г.,,Москва,Институт археологии РАН,"p-I, № 42",,8
Смирнов А.П.,,"Объединенная АЭ ИИМК им. Н.Я. Марра АН СССР, ГИМ и Гос. музея Татарской АССР.",1945,Греческая палата (руины),Раскоп В; у Греческой палаты,408,Ефимова A.M.,54.986646938,49.035692321,Отчет об исследовании городища Великие Болгары в 1945 г.,,Москва,Институт археологии РАН,"p-I, № 42",,9
Смирнов А.П.,,"Болгарская АЭ ГИМ, ИИМК им. Н.Я. Марра АН ССР, Гос. музея Татарской АССР, КазФ АН СССР.",1946,Болгарское городище,Раскоп на площади Четыреxугольника,100,Калинин H.Ф.,54.985449817,49.054891808,"Отчет объединенной Болгарской археологической экспедиции ГИМ’а, ИИМК им. Н.Я. Марра АН ССР, ГМ Татарской АССР, КазФ АН СССР. 1946 г.",,Москва,Институт археологии РАН,"p-I, № 49",,10
Смирнов А.П.,,"Болгарская АЭ ГИМ, ИИМК им. Н.Я. Марра АН ССР, Гос. музея Татарской АССР, КазФ АН СССР.",1946,Греческая палата (руины),Раскоп I; у Греческой палаты,180,Ефимова A.M.,54.986590154,49.035890484,"Отчет объединенной Болгарской археологической экспедиции ГИМ’а, ИИМК им. Н.Я. Марра АН ССР, ГМ Татарской АССР, КазФ АН СССР. 1946 г.",,Москва,Институт археологии РАН,"p-I, № 49",,11
Смирнов А.П.,,"Болгарская АЭ ГИМ, ИИМК им. Н.Я. Марра АН ССР, Гос. музея Татарской АССР, КазФ АН СССР.",1946,Греческая палата (руины),Раскоп II; у Греческой палаты,253,Ефимова A.M.,54.986528382,49.035913582,"Отчет объединенной Болгарской археологической экспедиции ГИМ’а, ИИМК им. Н.Я. Марра АН ССР, ГМ Татарской АССР, КазФ АН СССР. 1946 г.",,Москва,Институт археологии РАН,"p-I, № 49",,12
Смирнов А.П.,,"Болгарская АЭ ГИМ, ИИМК им. Н.Я. Марра АН ССР, Гос. музея Татарской АССР, КазФ АН СССР.",1946,Греческая палата (руины),Раскоп III; у Греческой палаты,253,Ефимова A.M.,54.986577863,49.035996939,"Отчет объединенной Болгарской археологической экспедиции ГИМ’а, ИИМК им. Н.Я. Марра АН ССР, ГМ Татарской АССР, КазФ АН СССР. 1946 г.",,Москва,Институт археологии РАН,"p-I, № 49",,13
Смирнов А.П.,,"Болгарская АЭ ГИМ, ИИМК им. Н.Я. Марра АН ССР, Гос. музея Татарской АССР, КазФ АН СССР.",1946,Болгарское городище,Раскоп на западном валу,272,Хованская О.С.,54.985522220,49.037579544,"Отчет объединенной Болгарской археологической экспедиции ГИМ’а, ИИМК им. Н.Я. Марра АН ССР, ГМ Татарской АССР, КазФ АН СССР. 1946 г.",,Москва,Институт археологии РАН,"p-I, № 49",,14
Смирнов А.П.,,"Болгарская АЭ ГИМ, ИИМК им. Н.Я. Марра АН ССР, Гос. музея Татарской АССР, КазФ АН СССР.",1946,Болгарское городище,Раскоп на Малом городке,48,Хованская О.С.,54.967171888,49.059701939,"Отчет объединенной Болгарской археологической экспедиции ГИМ’а, ИИМК им. Н.Я. Марра АН ССР, ГМ Татарской АССР, КазФ АН СССР. 1946 г.",,Москва,Институт археологии РАН,"p-I, № 49",,15
Смирнов А.П.,,"АЭ ИИМК им. Н.Я. Марра АН СССР, ГИМ, Гос. музея Татарской АССР.",1947,Бабий Бугор,Раскоп на Бабьем бугре,119,Ефимова A.M.,54.986990460,49.043259976,Отчет о раскопках городища «Великие Болгары» в 1947 г.,,Москва,Институт археологии РАН,"p-I, № 123",,16
Смирнов А.П.,,"АЭ ИИМК им. Н.Я. Марра АН СССР, ГИМ, Гос. музея Татарской АССР.",1947,Болгарское городище,Раскоп I; на центральной улице села,180,Акчурина З.А.,54.984521082,49.053464706,Отчет о раскопках городища «Великие Болгары» в 1947 г.,,Москва,Институт археологии РАН,"p-I, № 123",,17
Смирнов А.П.,,"АЭ ИИМК им. Н.Я. Марра АН СССР, ГИМ, Гос. музея Татарской АССР.",1947,Болгарское городище,Раскоп II; на ул. Набережная в центральной части села,288,Хованская О.С.,54.985481443,49.052732616,Отчет о раскопках городища «Великие Болгары» в 1947 г.,,Москва,Институт археологии РАН,"p-I, № 123",,18
Смирнов А.П.,,"АЭ ИИМК им. Н.Я. Марра АН СССР, ГИМ, Гос. музея Татарской АССР.",1948,Бабий Бугор,Раскоп на Бабьем бугре,118,Ефимова A.M.,54.986990460,49.043259976,Отчет о раскопках городища «Великие Болгары» в 1948 г.,,Москва,Институт археологии РАН,"p-I, № 219",,19
Смирнов А.П.,,"АЭ ИИМК им. Н.Я. Марра АН СССР, ГИМ, Гос. музея Татарской АССР.",1948,Болгарское городище,Раскоп III; у Голланского озера,238,Хованская О.С.,54.976172480,49.044885617,Отчет о раскопках городища «Великие Болгары» в 1948 г.,,Москва,Институт археологии РАН,"p-I, № 219",,20
Смирнов А.П.,,"АЭ ИИМК им. Н.Я. Марра АН СССР, ГИМ, Гос. музея Татарской АССР.",1948,Болгарское городище,Раскоп I; на центральной улице села,190,Акчурина З.А.,54.984528617,49.053621928,Отчет о раскопках городища «Великие Болгары» в 1948 г.,,Москва,Институт археологии РАН,"p-I, № 219",,21
Смирнов А.П.,,"Болгарская АЭ ИИМК им. Н.Я. Марра, ГИМ, Гос. музея Татарской АССР.",1949,Болгарское городище,"Раскоп II; центральная часть села, близ бывшей школы; ",163,Ефимова A.M.,54.984010647,49.053083546,"Отчет Болгарской археологической экспедиции ИИМК, ГИМ, Музея ТАССР. 1949 г.",,Москва,Институт археологии РАН,"p-I, № 335",,22
Смирнов А.П.,,"Болгарская АЭ ИИМК им. Н.Я. Марра, ГИМ, Гос. музея Татарской АССР.",1949,Болгарское городище,Раскоп III; центральная улица села; ,180,Хованская О.С.,54.984719955,49.055148011,"Отчет Болгарской археологической экспедиции ИИМК, ГИМ, Музея ТАССР. 1949 г.",,Москва,Институт археологии РАН,"p-1, № 335",,23
Смирнов А.П.,,"Болгарская АЭ ИИМК им. Н.Я. Марра, ГИМ, Гос. музея Татарской АССР.",1949,Болгарское городище,Раскоп I; на центральной улице села,190,Акчурина З.А.,54.984528617,49.053621928,"Отчет Болгарской археологической экспедиции ИИМК, ГИМ, Музея ТАССР. 1949 г.",,Москва,Институт археологии РАН,"p-I, № 335",,24
Смирнов А.П.,,"Куйбышевская АЭ ИИМК им. Н.Я. Марра АН СССР, ГИМ, Гос.
музея Татарской АССР, КазФ АН СССР, Куйбышевского обл.
музея.",1950,Болгарское городище,Раскоп IIб; на склоне,98,Ефимова A.M.,54.987062875,49.057321874,Отчет Куйбышевской археологической экспедиции за 1950 г.,,Москва,Институт археологии РАН,"p-I, № 463, 463а",,25
Смирнов А.П.,,"Куйбышевская АЭ ИИМК им. Н.Я. Марра АН СССР, ГИМ, Гос.
музея Татарской АССР, КазФ АН СССР, Куйбышевского обл.
музея.",1950,Болгарское городище,Раскоп II; на склоне,88,Ефимова A.M.,54.986911385,49.056469150,Отчет Куйбышевской археологической экспедиции за 1950 г.,,Москва,Институт археологии РАН,"p-I, № 463, 463а",,26
Смирнов А.П.,,"Куйбышевская АЭ ИИМК им. Н.Я. Марра АН СССР, ГИМ, Гос.
музея Татарской АССР, КазФ АН СССР, Куйбышевского обл.
музея.",1950,Болгарское городище,Раскоп IIa; в заречье,340,Седов В.В.,54.989954657,49.049542334,Отчет Куйбышевской археологической экспедиции за 1950 г.,,Москва,Институт археологии РАН,"p-I, № 463, 463а",,27
Смирнов А.П.,,"Куйбышевская АЭ ИИМК им. Н.Я. Марра АН СССР, ГИМ, Гос.
музея Татарской АССР, КазФ АН СССР, Куйбышевского обл.
музея.",1950,Болгарское городище,Раскоп I; на склоне,284,Акчурина З.А.,54.986558995,49.055388460,Отчет Куйбышевской археологической экспедиции за 1950 г.,,Москва,Институт археологии РАН,"p-I, № 463, 463а",,28
Смирнов А.П.,,"Куйбышевская АЭ ИИМК им. Н.Я. Марра АН СССР, ГИМ, Гос.
музея Татарской АССР, КазФ АН СССР, Куйбышевского обл.
музея.",1950,Болгарское городище,Раскоп III; на склоне; ,400,Хованская О.С.,54.987464790,49.059933389,Отчет Куйбышевской археологической экспедиции за 1950 г.,,Москва,Институт археологии РАН,"p-I, № 463, 463а",,29
Смирнов А.П.,,Куйбышевская АЭ АН СССР (пять отрядов).,1951,Болгарское городище,Раскоп IV; на склоне,270,Ефимова A.M.,54.986868557,49.057356156,Отчет об археологических исследованиях в зоне затопленияКуйбышевской ГЭС в 1951 г.,,Москва,Институт археологии РАН,"p-I, № 633, 633а",,30
Смирнов А.П.,,Куйбышевская АЭ АН СССР (пять отрядов).,1951,Болгарское городище,Раскоп II; в заречье,472,Жиромский Б.Б.,54.989815173,49.049735256,Отчет об археологических исследованиях в зоне затопленияКуйбышевской ГЭС в 1951 г.,,Москва,Институт археологии РАН,"p-I, № 633, 633а",,31
Смирнов А.П.,,Куйбышевская АЭ АН СССР (пять отрядов).,1951,Болгарское городище,Раскоп I; на склоне,144,Акчурина З.А.,54.986552354,49.055196503,Отчет об археологических исследованиях в зоне затопленияКуйбышевской ГЭС в 1951 г.,,Москва,Институт археологии РАН,"p-I, № 633, 633а",,32
Смирнов А.П.,,Куйбышевская АЭ АН СССР (пять отрядов).,1951,Болгарское городище,Раскоп V; в заречье,240,Тихомирова В.А.,54.989807534,49.049260055,Отчет об археологических исследованиях в зоне затопленияКуйбышевской ГЭС в 1951 г.,,Москва,Институт археологии РАН,"p-I, № 633, 633а",,33
Смирнов А.П.,,Куйбышевская АЭ АН СССР (пять отрядов).,1951,Болгарское городище,Раскоп III; у подноджия склона,400,Хованская О.С.,54.986644867,49.050074683,Отчет об археологических исследованиях в зоне затопленияКуйбышевской ГЭС в 1951 г.,,Москва,Институт археологии РАН,"p-I, № 633, 633а",,34
Смирнов А.П.,,Куйбышевская АЭ АН СССР.,1952,Болгарское городище,"Раскоп II, III; на склоне; на Ага-Базаре",452,Ефимова A.M.,54.986827123,49.057143148,Отчет Куйбышевской экспедиции за 1952 г.,,Москва,Институт археологии РАН,"p-I, № 680, 680а, 680б, 680в",,35
Смирнов А.П.,,Куйбышевская АЭ АН СССР.,1952,Болгарское городище,Раскоп I; в заречье,200,Акчурина З.А.,54.989994945,49.053531082,Отчет Куйбышевской экспедиции за 1952 г.,,Москва,Институт археологии РАН,"p-I, № 680, 680а, 680б, 680в",,36
Смирнов А.П.,,Куйбышевская АЭ АН СССР.,1952,Болгарское городище,"Раскоп Iа, Iб, Iв; в заречье на склоне у Кордона, в 1200 м от Ага-Базара",388,Хованская О.С.,54.990284728,49.047546662,Отчет Куйбышевской экспедиции за 1952 г.,,Москва,Институт археологии РАН,"p-I, № 680, 680а, 680б, 680в",,37
Смирнов А.П.,,"Куйбышевская АЭ ИИМК АН СССР, КазФ АН СССР, ГИМ, Гос. музея Татарской АССР и Куйбышевского обл. музея.",1953,Болгарское городище,Раскоп VI; в заречье,142,Ефимова A.M.,54.990434478,49.057231567,Отчет Куйбышевской экспедиции за 1953 г.,,Москва,Институт археологии РАН,"p-I, № 815, 815а, 815б, 815в, 815г",,38
Смирнов А.П.,,"Куйбышевская АЭ ИИМК АН СССР, КазФ АН СССР, ГИМ, Гос. музея Татарской АССР и Куйбышевского обл. музея.",1953,Болгарское городище,"Раскоп I; траншея, у подножия Бабьего бугра",64,Ефимова A.M.,54.986965283,49.044827734,Отчет Куйбышевской экспедиции за 1953 г.,,Москва,Институт археологии РАН,"p-I, № 815, 815а, 815б, 815в, 815г",,39
Смирнов А.П.,,"Куйбышевская АЭ ИИМК АН СССР, КазФ АН СССР, ГИМ, Гос. музея Татарской АССР и Куйбышевского обл. музея.",1953,Болгарское городище,"Раскоп II; траншея, у подножия Бабьего бугра",64,Ефимова A.M.,54.987055025,49.044203058,Отчет Куйбышевской экспедиции за 1953 г.,,Москва,Институт археологии РАН,"p-I, № 815, 815а, 815б, 815в, 815г",,40
Смирнов А.П.,,"Куйбышевская АЭ ИИМК АН СССР, КазФ АН СССР, ГИМ, Гос. музея Татарской АССР и Куйбышевского обл. музея.",1953,Болгарское городище,"Раскоп II, III; у подножия склона близ Капитанского колодца; на Ага-Базаре; ",140,Ефимова A.M.,54.988655972,49.069954401,Отчет Куйбышевской экспедиции за 1953 г.,,Москва,Институт археологии РАН,"p-I, № 815, 815а, 815б, 815в, 815г",,41
Смирнов А.П.,,"Куйбышевская АЭ ИИМК АН СССР, КазФ АН СССР, ГИМ, Гос. музея Татарской АССР и Куйбышевского обл. музея.",1953,Болгарское городище,"Раскоп VII, III/I, III/II; в заречье; на Ага-Базаре",400,Акчурина З.А.,54.990681579,49.053373485,Отчет Куйбышевской экспедиции за 1953 г.,,Москва,Институт археологии РАН,"p-I, № 815; p-I, № 944",,42
Смирнов А.П.,,"Куйбышевская АЭ ИИМК АН СССР, КазФ АН СССР, ГИМ, Гос. музея Татарской АССР и Куйбышевского обл. музея.",1953,Болгарское городище,Раскоп IV; в заречье,306,Хлебникова Т.А.,54.990835622,49.060024182,Отчет Куйбышевской экспедиции за 1953 г.,,Москва,Институт археологии РАН,"p-I, № 815, 815а, 815б, 815в, 815г",,43
Смирнов А.П.,,"Куйбышевская АЭ ИИМК АН СССР, КазФ АН СССР, ГИМ, Гос. музея Татарской АССР и Куйбышевского обл. музея.",1953,Болгарское городище,Раскоп V; в заречье,332,Хованская О.С.,54.991095400,49.047713731,Отчет Куйбышевской экспедиции за 1953 г.,,Москва,Институт археологии РАН,"p-I, № 815, 815а, 815б, 815в, 815г",,44
Смирнов А.П.,,"Куйбышевская АЭ ИИМК АН СССР, КазФ АН СССР, ГИМ, Гос. музея Татарской АССР и Куйбышевского обл. музея.",1953,Болгарское городище,Раскоп Vа; в заречье,92,Хованская О.С.,54.990451944,49.047600505,Отчет Куйбышевской экспедиции за 1953 г.,,Москва,Институт археологии РАН,"p-I, № 815, 815а, 815б, 815в, 815г",,45
Смирнов А.П.,,"Куйбышевская АЭ ИИМК АН СССР, КазФ АН СССР, ГИМ, Гос. музея Татарской АССР и Куйбышевского обл. музея.",1953,Болгарское городище,Раскоп Iа; на восточному валу у склона; на оборонительных сооружениях (рвах и валах),8,Хованская О.С.,54.988217033,49.071860630,Отчет Куйбышевской экспедиции за 1953 г.,,Москва,Институт археологии РАН,"p-I, № 815, 815а, 815б, 815в, 815г",,46
Смирнов А.П.,,"Куйбышевская АЭ ИИМК АН СССР, КазФ АН СССР, ГИМ, Гос. музея Татарской АССР и Куйбышевского обл. музея.",1953,Болгарское городище,Раскоп I; у подножия склона близ Капитанского колодца,58,Ефимова A.M.,54.989035871,49.071796205,Отчет Куйбышевской экспедиции за 1953 г.,,Москва,Институт археологии РАН,"p-I, № 815, 815а, 815б, 815в, 815г",,47
Ефимова A.M.,,Первый отряд Куйбышевской АЭ АН СССР.,1954,Болгарское городище,Раскоп V; в заречье,150,Ефимова A.M.,54.990301926,49.057858352,1) Отчет Первого Болгарского отряда Куйбышевской археологической экспедиции АН СССР 1954 г. 2) Отчет о работе на V раскопе Первого отряда Куйбышевской археологической экспедиции в 1954 г. Приложение. 1) Исследования образцов деталей находок КАЭ кафедрой металловедения МВТУ им. Н.Э. Баумана. 2) Список иллюстраций к отчету Третьего отряда КАЭ Алиховой А.Е.,,Москва,Институт археологии РАН,"p-I, № 1011",,48
Ефимова A.M.,,Первый отряд Куйбышевской АЭ АН СССР.,1954,Болгарское городище,Раскоп Vа; в заречье,100,Ефимова A.M.,54.991334943,49.060041232,1) Отчет Первого Болгарского отряда Куйбышевской археологической экспедиции АН СССР 1954 г. 2) Отчет о работе на V раскопе Первого отряда Куйбышевской археологической экспедиции в 1954 г. Приложение. 1) Исследования образцов деталей находок КАЭ кафедрой металловедения МВТУ им. Н.Э. Баумана. 2) Список иллюстраций к отчету Третьего отряда КАЭ Алиховой А.Е.,,Москва,Институт археологии РАН,"p-I, № 1011",,49
Смирнов А.П.,,Куйбышевская АЭ ИИМК АН СССР (пять отрядов).,1954,Болгарское городище,"Раскоп II, IV; у подножия склона",436,Хованская О.С.,54.986551060,49.049961681,"Отчет о работе Куйбышевской экспедиции в 1954 г. 1) Первый отряд. (Хованская О.С., Талицкая И.А., Ефимова А.М., Смирнов К.А., Жиромский В.Б.) 2) Второй отряд. (Мерперт Н.Я., Хлебникова Т. А.) 3) Третий отряд. (Алихова А. Е., Трубникова Н.В.) 4) Четвертый отряд. (Збруева А.В.) 5) Пятый отряд. (Халиков А.Х.) Приложения к отчёту: 1) Результаты предварительного осмотра костных остатков из Именьковского городища. (Попов В.А.) 2) Результаты предварительного просмотра костных остатков рыб из раскопок селения Балымер. (Лебедев В.Д.) 3) Зерновые остатки, найденные при раскопках языческого святилища. (Кирьянов А.В.) 4) Предварительные результаты определения костей животных из раскопок в Болгарах. (Цалкин В.И.) 5) Монеты из раскопок Куйбышевской экспедиции в Болгарах. (Янина С.А.) ",,Москва,Институт археологии РАН,"p-I, № 944",,50
Смирнов А.П.,"Акчурина З.А., Матвеева Л.П.",Куйбышевская АЭ ИИМК АН СССР.,1957,Болгарское городище,"Раскоп III; западная часть села, близ склона",248,Воскресенская Л.П. (Матвеева),54.986090219,49.045608610,Отчет Куйбышевской археологической экспедиции за 1957 г.,,Москва,Институт археологии РАН,"p-I, № 1538, 1540, 1541, 1542, 1543",,51
Смирнов А.П.,"Акчурина З.А., Матвеева Л.П.",Куйбышевская АЭ ИИМК АН СССР.,1957,Ханская усыпальница,Раскоп V;  у Ханской усыпальницы и Малого минарета,100,Воскресенская Л.П. (Матвеева),54.981662645,49.061436592,Отчет Куйбышевской археологической экспедиции за 1957 г.,,Москва,Институт археологии РАН,"p-I, № 1538, 1540, 1541, 1542, 1543",,52
Смирнов А.П.,"Акчурина З.А., Матвеева Л.П.",Куйбышевская АЭ ИИМК АН СССР.,1957,Болгарское городище,Раскоп II; у Черной палаты,16,,54.982040578,49.053934319,Отчет Куйбышевской археологической экспедиции за 1957 г.,,Москва,Институт археологии РАН,"p-I, № 1538, 1540, 1541, 1542, 1543",,53
Смирнов А.П.,"Акчурина З.А., Матвеева Л.П.",Куйбышевская АЭ ИИМК АН СССР.,1957,Болгарское городище,"Раскоп I; к северо-востоку от Монастырского погреба, у склона; ",188,Акчурина З.А.,54.986440130,49.056423897,Отчет Куйбышевской археологической экспедиции за 1957 г.,,Москва,Институт археологии РАН,"p-I, № 1538, 1540, 1541, 1542, 1543",,54
Смирнов А.П.,"Акчурина З.А., Матвеева Л.П.",Куйбышевская АЭ ИИМК АН СССР.,1957,Болгарское городище,"Раскоп ; траншея 1957, у склона",128,Акчурина З.А.,54.986853755,49.058792181,Отчет Куйбышевской археологической экспедиции за 1957 г.,,Москва,Институт археологии РАН,"p-I, № 1538, 1540, 1541, 1542, 1543",,55
Смирнов А.П.,"Акчурина З.А., Матвеева Л.П.",Куйбышевская АЭ ИИМК АН СССР.,1957,Болгарское городище,Раскоп IV; близ склона над Красной палатой,100,Акчурина З.А.,54.986681399,49.057630836,Отчет Куйбышевской археологической экспедиции за 1957 г.,,Москва,Институт археологии РАН,"p-I, № 1538, 1540, 1541, 1542, 1543",,56
Смирнов А.П.,"Воскресенский A C., Хлебникова Т.А.","Болгарский отряд Поволжской АЭ ИА АН СССР, ГИМ, Гос. музея Татарской АССР, ИЯЛИ КазФ АН СССР, принимали участие студенты Казанского ГПИ.",1964,Соборная мечеть,Раскоп I; у Соборной мечети; у Соборной мечети,145,Воскресенский A C.,54.985545407,49.055655386,Отчет Болгарского отряда Поволжской экспедиции за 1964 г.,,Москва,Институт археологии РАН,"p-I, № 2863, 2863а",,57
Смирнов А.П.,"Воскресенский A C., Хлебникова Т.А.","Болгарский отряд Поволжской АЭ ИА АН СССР, ГИМ, Гос. музея Татарской АССР, ИЯЛИ КазФ АН СССР, принимали участие студенты Казанского ГПИ.",1964,Соборная мечеть,Раскоп VIII; у Соборной мечети,90,Воскресенский A C.,54.985393198,49.056275844,Отчет Болгарского отряда Поволжской экспедиции за 1964 г.,,Москва,Институт археологии РАН,"p-I, № 2863, 2863а",,58
Смирнов А.П.,"Воскресенский A C., Хлебникова Т.А.","Болгарский отряд Поволжской АЭ ИА АН СССР, ГИМ, Гос. музея Татарской АССР, ИЯЛИ КазФ АН СССР, принимали участие студенты Казанского ГПИ.",1964,Соборная мечеть,Раскоп II; между Соборной мечетью и церковью Св. Николая,58,Морозова C.B.,54.985496563,49.056441151,Отчет Болгарского отряда Поволжской экспедиции за 1964 г.,,Москва,Институт археологии РАН,"p-I, № 2863, 2863а",,59
Смирнов А.П.,"Воскресенский A C., Хлебникова Т.А.","Болгарский отряд Поволжской АЭ ИА АН СССР, ГИМ, Гос. музея Татарской АССР, ИЯЛИ КазФ АН СССР, принимали участие студенты Казанского ГПИ.",1964,Соборная мечеть,Раскоп IV; у Соборной мечети,80,Егоров B.Л.,54.985643309,49.056278738,Отчет Болгарского отряда Поволжской экспедиции за 1964 г.,,Москва,Институт археологии РАН,"p-I, № 2863, 2863а",,60
Смирнов А.П.,"Воскресенский A C., Хлебникова Т.А.","Болгарский отряд Поволжской АЭ ИА АН СССР, ГИМ, Гос. музея Татарской АССР, ИЯЛИ КазФ АН СССР, принимали участие студенты Казанского ГПИ.",1964,Соборная мечеть,Раскоп VII; у Соборной мечети,100,Tpyбникoва H.В.,54.985385968,49.055789486,Отчет Болгарского отряда Поволжской экспедиции за 1964 г.,,Москва,Институт археологии РАН,"p-I, № 2863, 2863а",,61
Смирнов А.П.,"Воскресенский A C., Хлебникова Т.А.","Болгарский отряд Поволжской АЭ ИА АН СССР, ГИМ, Гос. музея Татарской АССР, ИЯЛИ КазФ АН СССР, принимали участие студенты Казанского ГПИ.",1964,Соборная мечеть,Раскоп VI; на Соборной мечети; у Соборной мечети,10,Аксенова Н.Д.,54.985361842,49.055946531,Отчет Болгарского отряда Поволжской экспедиции за 1964 г.,,Москва,Институт археологии РАН,"p-I, № 2863, 2863а",,62
Смирнов А.П.,"Воскресенский A C., Хлебникова Т.А.","Болгарский отряд Поволжской АЭ ИА АН СССР, ГИМ, Гос. музея Татарской АССР, ИЯЛИ КазФ АН СССР, принимали участие студенты Казанского ГПИ.",1964,Соборная мечеть,Раскоп V; на Соборной мечети; у Соборной мечети,6,Аксенова Н.Д.,54.985455014,49.055704620,Отчет Болгарского отряда Поволжской экспедиции за 1964 г.,,Москва,Институт археологии РАН,"p-I, № 2863, 2863а",,63
Смирнов А.П.,"Воскресенский A C., Хлебникова Т.А.","Болгарский отряд Поволжской АЭ ИА АН СССР, ГИМ, Гос. музея Татарской АССР, ИЯЛИ КазФ АН СССР, принимали участие студенты Казанского ГПИ.",1964,Соборная мечеть,Раскоп III; между Соборной мечетью и Монастырским погребом,67,Хлебникова Т.А.,54.985923598,49.056112482,Отчет Болгарского отряда Поволжской экспедиции за 1964 г.,,Москва,Институт археологии РАН,"p-I, № 2863, 2863а",,64
Смирнов А.П.,Воскресенский А. С.,Поволжская АЭ ИА АН СССР.,1965,Соборная мечеть,Раскоп X; у Соборной мечети,17,Аксенова Н.Д.,54.985440704,49.056152001,Отчет о раскопках городища Великие Болгары в 1965 г.,,Москва,Институт археологии РАН,"Р-l, № 3011, 3011а",,65
Смирнов А.П.,Воскресенский А. С.,Поволжская АЭ ИА АН СССР.,1965,Соборная мечеть,Раскоп XI; у Соборной мечети,9,Аксенова Н.Д.,54.985438723,49.055797258,Отчет о раскопках городища Великие Болгары в 1965 г.,,Москва,Институт археологии РАН,"Р-l, № 3011, 3011а",,66
Смирнов А.П.,Воскресенский А. С.,Поволжская АЭ ИА АН СССР.,1965,Соборная мечеть,Раскоп XII; у Соборной мечети,18,Аксенова Н.Д.,54.985680988,49.056034168,Отчет о раскопках городища Великие Болгары в 1965 г.,,Москва,Институт археологии РАН,"Р-l, № 3011, 3011а",,67
Смирнов А.П.,Воскресенский А. С.,Поволжская АЭ ИА АН СССР.,1965,Соборная мечеть,Раскоп IX; у Соборной мечети,126,Хлебникова Т.А.,54.985748492,49.055819984,Отчет о раскопках городища Великие Болгары в 1965 г.,,Москва,Болгарский государственный историко-архитектурный музей-заповедник,"Р-l, № 3011, 3011а",,68
Смирнов А.П.,Воскресенский А. С.,Поволжская АЭ ИА АН СССР.,1965,Болгарское городище,Раскоп XIII; у Церкви Св. Николая (Восточный мавзолей); ,33.2,Аксенова Н.Д.,54.985369900,49.056715686,Отчет о раскопках городища Великие Болгары в 1965 г.,,Москва,Институт археологии РАН,"Р-l, № 3011, 3011а",,69
Смирнов А.П.,Хлебникова Т.А.,Болгарский отряд Поволжской АЭ ИА АН СССР.,1966,Черная палата,Раскоп XV; у Черной палаты,254,Воскресенский A C.,54.982122850,49.054115501,Отчет о работе Болгарского отряда Поволжской археологической экспедиции в 1966 г.,,Москва,Институт археологии РАН,"p-I, № 3220, 3220а, 3220б, 3220в",,70
Смирнов А.П.,Хлебникова Т.А.,Болгарский отряд Поволжской АЭ ИА АН СССР.,1966,Болгарское городище,Раскоп XIV; у Монастырского погреба (Северный мавзолей); ,52,Хлебникова Т.А.,54.986098642,49.056175076,Отчет о работе Болгарского отряда Поволжской археологической экспедиции в 1966 г.,,Москва,Институт археологии РАН,"p-I, № 3220, 3220а, 3220б, 3220в",,71
Смирнов А.П.,Хлебникова Т.А.,Болгарский отряд Поволжской АЭ ИА АН СССР.,1966,Болгарское городище,Раскоп XIII; у Церкви Св. Николая (Восточный мавзолей); ,32.2,Аксенова Н.Д.,54.985369900,49.056715686,Отчет о работе Болгарского отряда Поволжской археологической экспедиции в 1966 г.,,Москва,Институт археологии РАН,"p-I, № 3220, 3220а, 3220б, 3220в",,72
Смирнов А.П.,Хлебникова Т.А.,"Болгарский отряд Поволжской АЭ ИА АН СССР, МК Татарской АССР.",1967,Малый минарет,Раскоп XVII;  у Ханской усыпальницы и Малого минарета,80,Аксенова Н.Д.,54.981132731,49.061178110,"1) Отчет Болгарского отряда за 1967 г. Раскопы № XVI–XXV. Ч. 1. 2) Отчет Болгарского отряда за 1967 г. Дополнительная информация по раскопам № XVI, XXIII–XXIV.
(Т.А. Хлебникова)",,Москва,Институт археологии РАН,"p-I, № 3480, 3481а",,73
Смирнов А.П.,Хлебникова Т.А.,"Болгарский отряд Поволжской АЭ ИА АН СССР, МК Татарской АССР.",1967,Болгарское городище,Раскоп XVI; у Успенской церкви; на оборонительных сооружениях (рвах и валах),72,Хлебникова Т.А.,54.985861912,49.056714452,"1) Отчет Болгарского отряда за 1967 г. Раскопы № XVI–XXV. Ч. 1. 2) Отчет Болгарского отряда за 1967 г. Дополнительная информация по раскопам № XVI, XXIII–XXIV.
(Т.А. Хлебникова)",,Москва,Институт археологии РАН,"p-I, № 3480, 3481а",,74
Смирнов А.П.,Хлебникова Т.А.,"Болгарский отряд Поволжской АЭ ИА АН СССР, МК Татарской АССР.",1967,Черная палата,Раскоп XXIV; у Черной палаты,48,Трубникова Н.В.,54.982236654,49.053165418,"1) Отчет Болгарского отряда за 1967 г. Раскопы № XVI–XXV. Ч. 1. 2) Отчет Болгарского отряда за 1967 г. Дополнительная информация по раскопам № XVI, XXIII–XXIV.
(Т.А. Хлебникова)",,Москва,Институт археологии РАН,"p-I, № 3480, 3481а",,75
Смирнов А.П.,Хлебникова Т.А.,"Болгарский отряд Поволжской АЭ ИА АН СССР, МК Татарской АССР.",1967,Черная палата,Раскоп XXIII; у Черной палаты,56,Трубникова Н.В.,54.982301954,49.054043534,"1) Отчет Болгарского отряда за 1967 г. Раскопы № XVI–XXV. Ч. 1. 2) Отчет Болгарского отряда за 1967 г. Дополнительная информация по раскопам № XVI, XXIII–XXIV.
(Т.А. Хлебникова)",,Москва,Институт археологии РАН,"p-I, № 3480, 3481а",,76
Трубникова Н.В.,,,1967,Болгарское городище,Раскоп P1967; западнее школы,80,,54.983075594,49.049890534,,,Москва,Государственный исторический музей,,,77
Трубникова Н.В.,,,1967,Болгарское городище,Раскоп P1967; западнее школы,80,,54.983049607,49.049587515,,,Москва,Государственный исторический музей,,,78
Хлебникова Т.А.,,"Болгарский отряд Поволжской АЭ ИА АН СССР, Министерства культуры Татарской АССР.",1967,Болгарское городище,Раскоп XVIII; на западной части большого вала; на оборонительных сооружениях (рвах и валах),9.8,Краснов Ю.А.,54.984048741,49.037279932,"Отчет Болгарского отряда за 1967 г. Дополнительная информация по раскопам № XVI, XXIII–XXIV. Ч. 2.",,Москва,Институт археологии РАН,"p-l, № 3481",,79
Хлебникова Т.А.,,"Болгарский отряд Поволжской АЭ ИА АН СССР, Министерства культуры Татарской АССР.",1967,Болгарское городище,Раскоп XIX; на юго-западной части большого вала; на оборонительных сооружениях (рвах и валах),9,Краснов Ю.А.,54.976390562,49.042493701,"Отчет Болгарского отряда за 1967 г. Дополнительная информация по раскопам № XVI, XXIII–XXIV. Ч. 2.",,Москва,Институт археологии РАН,"p-l, № 3481",,80
Хлебникова Т.А.,,"Болгарский отряд Поволжской АЭ ИА АН СССР, Министерства культуры Татарской АССР.",1967,Болгарское городище,Раскоп XXI; на восточной части большого вала; на оборонительных сооружениях (рвах и валах),4.5,Краснов Ю.А.,54.981864962,49.072763234,"Отчет Болгарского отряда за 1967 г. Дополнительная информация по раскопам № XVI, XXIII–XXIV. Ч. 2.",,Москва,Институт археологии РАН,"p-l, № 3481",,81
Хлебникова Т.А.,,"Болгарский отряд Поволжской АЭ ИА АН СССР, Министерства культуры Татарской АССР.",1967,Болгарское городище,Раскоп XXII; на восточной части большого вала; на оборонительных сооружениях (рвах и валах),9,Краснов Ю.А.,54.987386901,49.072111680,"Отчет Болгарского отряда за 1967 г. Дополнительная информация по раскопам № XVI, XXIII–XXIV. Ч. 2.",,Москва,Институт археологии РАН,"p-l, № 3481",,82
Хлебникова Т.А.,,"Болгарский отряд Поволжской АЭ ИА АН СССР, Министерства культуры Татарской АССР.",1967,Болгарское городище,Раскоп XXV; на юго-западной части большого вала; на оборонительных сооружениях (рвах и валах),28,Краснов Ю.А.,54.971973703,49.047541303,"Отчет Болгарского отряда за 1967 г. Дополнительная информация по раскопам № XVI, XXIII–XXIV. Ч. 2.",,Москва,Институт археологии РАН,"p-l, № 3481",,83
Хлебникова Т.А.,,"Болгарский отряд Поволжской АЭ ИА АН СССР, Министерства культуры Татарской АССР.",1967,Болгарское городище,Раскоп XX; на южной части большого вала; на оборонительных сооружениях (рвах и валах),30,Краснов Ю.А.,54.968060968,49.060804062,"Отчет Болгарского отряда за 1967 г. Дополнительная информация по раскопам № XVI, XXIII–XXIV. Ч. 2.",,Москва,Институт археологии РАН,"p-l, № 3481",,84
Смирнов А.П.,,Болгарский отряд Поволжской экспедиции,1968,Малый минарет,Раскоп XXVII;  у Ханской усыпальницы и Малого минарета,80,Аксенова Н.Д.,54.981187549,49.061485533,Отчет Болгарского отряда Поволжской экспедиции,,Москва,Институт археологии АН РТ,"p-I, № 3647",,85
Смирнов А.П.,,Болгарский отряд Поволжской экспедиции,1968,Ханская усыпальница,Раскоп XXVI;  у Ханской усыпальницы и Малого минарета,20,Краснов Ю.А.,54.981798818,49.060886684,Отчет Болгарского отряда Поволжской экспедиции,,Москва,Институт археологии РАН,"p-I, № 3647",,86
Смирнов А.П.,,Болгарский отряд Поволжской экспедиции,1968,Болгарское городище,Раскоп XXVIII; у Успенской церкви; на оборонительных сооружениях (рвах и валах),64,Хлебникова Т.А.,54.985833620,49.057306857,Отчет Болгарского отряда Поволжской экспедиции,,Москва,Институт археологии РАН,"p-I, № 3647",,87
Аксенова Н.Д.,,,1969,Болгарское городище,Раскоп XXXII; у западного вала на траншее; на оборонительных сооружениях (рвах и валах),9,,54.976551427,49.043626813,,,,Институт археологии РАН,"p-I, № 3821",,88
Аксенова Н.Д.,,,1969,Ханская усыпальница,Раскоп XXIX;  у Ханской усыпальницы и Малого минарета,312,,54.981697308,49.061003256,,,,Институт археологии РАН,"p-I, № 3821",,89
Аксенова Н.Д.,,,1969,Ханская усыпальница,Раскоп XXXI;  у Ханской усыпальницы и Малого минарета,2.1,,54.981680786,49.061084683,,,,Институт археологии РАН,"p-I, № 3821",,90
Аксенова Н.Д.,,,1969,Ханская усыпальница,Раскоп XXXIII;  у Ханской усыпальницы и Малого минарета,2.24,,54.981601633,49.061038919,,,,Институт археологии РАН,"p-I, № 3821",,91
Аксенова Н.Д.,,,1969,Болгарское городище,Раскоп XXX; у Успенской церкви; на оборонительных сооружениях (рвах и валах),40,Хлебникова Т.А.,54.985903567,49.057222817,,,,Институт археологии РАН,"p-I, № 3821",,92
Аксенова Н.Д.,,,1969,Болгарское городище,"Раскоп XXXIV; у восточного конца траншеи 1969 года, в западной частии городища",28,,54.977392133,49.047132687,,,,Институт археологии РАН,"p-I, № 3921",,93
Аксенова Н.Д.,,,1969,Болгарское городище,Раскоп в западной части городища; траншея,,,54.976860731,49.044504609,,,,Институт археологии РАН,"p-I, № 3921",,94
Аксенова Н.Д.,,,1970,Мавзолей № 1 (руины),Раскоп XXXVII; к юго-востоку от Малого минарета; на мавзолеях,251,,54.979611231,49.063095482,,,,Институт археологии РАН,"p-I, №  4070",,95
Аксенова Н.Д.,,,1970,Ханская усыпальница,Раскоп XXXV;  у Ханской усыпальницы и Малого минарета,368,,54.981669700,49.060837148,,,,Институт археологии РАН,"p-I, №  4070",,96
Аксенова Н.Д.,,,1970,Болгарское городище,Раскоп XXXVI; на центральной улице села,140,,54.985352993,49.059557738,,,,Институт археологии РАН,"p-I, №  4070",,97
Аксенова Н.Д.,,,1971,Мавзолей № 1 (руины),Раскоп XXXVII; к юго-востоку от Малого минарета; на мавзолеях,252,,54.979611231,49.063095482,,,,Институт археологии РАН,"p-I, №  4081",,98
Аксенова Н.Д.,,,1971,Болгарское городище,Раскоп XL; к юго-востоку от Малого минарета; на мавзолеях,168,,54.979626820,49.064735041,,,,Институт археологии РАН,"p-I, №  4427",,99
Аксенова Н.Д.,,,1971,Ханская усыпальница,Раскоп XXXIX;  у Ханской усыпальницы и Малого минарета,134,,54.981785558,49.060726079,,,,Институт археологии РАН,"p-I, №  4427",,100
Аксенова Н.Д.,,,1971,Болгарское городище,Раскоп XLIII; в юго-западной части городища,12,,54.972696334,49.050804606,,,,Институт археологии РАН,"p-I, № 4727",,101
Аксенова Н.Д.,,,1971,Болгарское городище,Раскоп XXXVIII; на центральной улице села,80,,54.985110576,49.058314933,,,,Институт археологии РАН,"p-I, №  4427",,102
Аксенова Н.Д.,,,1971,Болгарское городище,Раскоп XL; к юго-востоку от Малого минарета; на мавзолеях,168,,54.979626820,49.064735041,,,,Институт археологии РАН,"p-I, №  4727",,103
Старостин П.Н.,Хлебникова Т.А.,,1972,Коптелов Бугор,Раскоп XLII; на Коптеловом бугре,48,,54.986448430,49.062346177,,,,Институт археологии РАН,"p-I, № 4719",,104
Старостин П.Н.,Хлебникова Т.А.,,1972,Болгарское городище,Раскоп XLI; на центральной улице села; на оборонительных сооружениях (рвах и валах),72,,54.985028864,49.057800951,,,,Институт археологии РАН,"p-I, № 4719",,105
Аксенова Н.Д.,,,1973,Болгарское городище,Раскоп в западной части городища; траншея,,,54.983048338,49.044201140,,,,Институт археологии РАН,"p-I, № 5059",,106
Аксенова Н.Д.,,,1973,Болгарское городище,Раскоп XLIV; на восточном конце траншеи 1973,54,,54.983355848,49.048112461,,,,Институт археологии РАН,"p-I, № 5059",,107
Аксенова Н.Д.,,,1973,Малый минарет,Раскоп XLV;  у Ханской усыпальницы и Малого минарета,144,,54.981349037,49.061515928,,,,Институт археологии РАН,"p-I, № 5479",,108
Хлебникова Т.А.,Полякова Г.Ф.,,1973,Болгарское городище,Раскоп XLVI; юго-восточнее церкви Св. Николая,24,,54.985182513,49.057093659,,,,Институт археологии РАН,"p-I, № 5144",,109
Аксенова Н.Д.,,,1974,Болгарское городище,Раскоп XLVIII; юго-восточнее Малого минарета; на мавзолеях,311.8,,54.979334549,49.064736823,,,,Институт археологии РАН,"p-I, № 5478",,110
Аксенова Н.Д.,,,1974,Малый минарет,Раскоп XLIX; у Малого минарета; у Ханской усыпальницы и Малого минарета,64,,54.981363076,49.061241475,,,,Институт археологии РАН,"p-I, № 5478",,111
Полякова Г.Ф.,Хлебникова Т.А.,,1974,Болгарское городище,"Раскоп XLVII; восточнее Соборной мечети, под котельной",48,,54.985491030,49.058329456,,,,Институт археологии РАН,"p-I, № 5290",,112
Полякова Г.Ф.,Хлебникова Т.А.,,1974,Болгарское городище,"Раскоп юго-восточнее  Успенской церкви, у здания заповедника; на оборонительных сооружениях (рвах и валах)",,,54.985641482,49.057514358,,,,Институт археологии РАН,"p-I, № 5290",,113
Аксенова Н.Д.,,,1975,Болгарское городище,Раскоп в западной части городища; траншея,,,54.980387803,49.042793614,,,,Институт археологии РАН,"p-I, № 5677",,114
Аксенова Н.Д.,Хлебникова Т.А.,,1975,Болгарское городище,Раскоп LI; у восточного конца траншеи 1975 года,64,,54.980709221,49.046118520,,,,Институт археологии РАН,"p-I, № 5310",,115
Аксенова Н.Д.,Хлебникова Т.А.,,1975,Болгарское городище,"Раскоп L; восточнее Черной палаты, у сельского кладища",60,,54.982502430,49.055756156,,,,Институт археологии РАН,"p-I, № 5310",,116
Аксенова Н.Д.,,,1976,Болгарское городище,Раскоп в западной части городища; траншея,,,54.980360653,49.043762412,,,,Институт археологии РАН,"p-I, № 6465",,117
Аксенова Н.Д.,,,1976,Мавзолей № 2 (руины),Раскоп LIV; юго-восточнее Малого минарета; на мавзолеях,140,,54.979197445,49.064596733,,,,Институт археологии РАН,"p-I, № 6415",,118
Аксенова Н.Д.,,,1976,Мавзолей № 2 (руины),Раскоп LIV; юго-восточнее Малого минарета; на мавзолеях,164,,54.979098098,49.064654649,,,,Институт археологии РАН,"P-1, № 6415",,119
Аксенова Н.Д.,,,1976,Болгарское городище,Раскоп LV; на центральной улице села,72,Полубояринова М.Д.,54.984493138,49.052875087,,,,Институт археологии РАН,"p-l, № 6415",,120
Аксенова Н.Д.,,,1976,Мавзолей № 6 (руины) (у бывшей сельской школы),Раскоп LIII; у бывшей школы; на мавзолеях,48,Полякова Г.Ф.,54.983451090,49.052567724,,,,Институт археологии РАН,"p-l, № 6415",,121
Аксенова Н.Д.,,,1976,Болгарское городище,"Раскоп LII; восточнее Черной палаты, у кладища",88,Хлебникова Т.А.,54.982446057,49.055806386,,,,Институт археологии РАН,"p-l, № 6415",,122
Аксенова Н.Д.,,,1977,Болгарское городище,"Раскоп LIX; у траншеи 4 1976 года, в западной части городища; ",198,,54.979483478,49.042640583,,,,Институт археологии РАН,"p-l, № 6633",,123
Аксенова Н.Д.,,,1977,Мавзолей № 2 (руины),Раскоп LIV; юго-восточнее Малого минарета; на мавзолеях,140,,54.979197445,49.064596733,,,,Институт археологии РАН,"p-I, №№6802",,124
Полубояринова М.Д.,,,1977,Болгарское городище,Раскоп LVIII; на центральной улице села,48,Крамаровский М.Г.,54.984544840,49.052867565,,,,Институт археологии РАН,"p-I, № 6709",,125
Полубояринова М.Д.,,,1977,Болгарское городище,Раскоп LVII; на центральной улице села,48,Полубояринова М.Д.,54.984491313,49.052678941,,,,Институт археологии РАН,"p-I, № 6709",,126
Полубояринова М.Д.,,,1977,Мавзолей № 6 (руины) (у бывшей сельской школы),Раскоп LVI; у школы; на мавзолеях,84,Полякова Г.Ф.,54.983509636,49.052782720,,,,Институт археологии РАН,"p-I, № 6709",,127
Полубояринова М.Д.,,,1977,Болгарское городище,Раскоп LX; у Иерусалимского овраг; на оборонительных сооружениях (рвах и валах),48,Хлебникова Т.А.,54.984201743,49.059930924,,,,Институт археологии РАН,"p-I, № 6709",,128
Аксенова Н.Д.,,,1978,Болгарское городище,Раскоп LXI; в западной части городища,200,Крамаровский М.Г.,54.977722054,49.048067395,,,,Болгарский государственный историко-архитектурный музей-заповедник,"p-I, № 7297",,129
Аксенова Н.Д.,,,1978,Болгарское городище,Раскоп LXIII; в западной части городища,100,Ледяйкин B.И.,54.977775607,49.048294223,,,,Болгарский государственный историко-архитектурный музей-заповедник,"p-I, № 7297",,130
Аксенова Н.Д.,,,1978,Болгарское городище,Раскоп LXIV; в западной части городища,116,Полубояринова М.Д.,54.977842611,49.048470780,,,,Болгарский государственный историко-архитектурный музей-заповедник,"p-I, № 7297",,131
Полякова Г.Ф.,,,1978,Болгарское городище,Раскоп LXV; у школы; на оборонительных сооружениях (рвах и валах),86,,54.983559143,49.052925568,,,,Институт археологии РАН,"p-l, № 7296",,132
Полубояринова М.Д.,Крамаровский М.Г.,,1979,Болгарское городище,Раскоп LXVI; в западной части городища,108,,54.977929839,49.048722835,,,,Болгарский государственный историко-архитектурный музей-заповедник,"p-I, № 7680",,133
Полубояринова М.Д.,Крамаровский М.Г.,,1979,Болгарское городище,Раскоп LXII; в западной части городища,118,,54.977802330,49.048108943,,,,Болгарский государственный историко-архитектурный музей-заповедник,"p-l, № 7680",,134
Полякова Г.Ф.,,,1979,Болгарское городище,Раскоп LXV; у школы; на оборонительных сооружениях (рвах и валах),86,,54.983559143,49.052925568,,,,Институт археологии РАН,"p-l, № 7995",,135
Старостин П.Н.,,,1979,Болгарское городище,Раскоп LXIX; на Коптеловом бугре,45,,54.986620191,49.062387449,,,,Институт археологии РАН,"p-I, № 7470",,136
Хлебникова Т.А.,,,1979,Белая палата (руины),Раскоп LXVII; на Белой палате; на Белой палате,225,,54.979838355,49.052612703,,,,Болгарский государственный историко-архитектурный музей-заповедник,"p-l, № 7525, 8556, 9807",,137
Хлебникова Т.А.,Савченкова Л.Л.,,1979,Болгарское городище,"Раскоп LXVIII; у котельной, восточнее Соборной мечети",78,,54.985588073,49.058267875,,,,Болгарский государственный историко-архитектурный музей-заповедник,"p-l, № 7525",,138
Аксенова Н.Д.,,,1980,Болгарское городище,Раскоп в западной части городища; траншея,,,54.979934171,49.044725986,,,,Институт археологии РАН,"p-I, № 7784",,139
Аксенова Н.Д.,,,1980,Болгарское городище,"Раскоп LXXII; на траншее 1980 года, в западной части городища",40,,54.980603963,49.043568559,,,,Институт археологии РАН,"p-l, № 7784",,140
Аксенова Н.Д.,,,1980,Болгарское городище,"Раскоп LXXIV; на траншее 1980 года, в западной части городища",15,,54.980796702,49.043583907,,,,Институт археологии РАН,"p-l, № 7784",,141
Полубояринова М.Д.,,,1980,Болгарское городище,Раскоп LXXIII; у центральной улицы села,80,,54.984232517,49.053026195,,,,Институт археологии РАН,"p-I, № 7681",,142
Полякова Г.Ф.,Васильева И.K.,,1980,"Слобода ""Галанкино озеро""",Раскоп LXX; в западной части городища; в окрестностях озера Галанского,145,,54.977590679,49.046180369,,,,Институт археологии РАН,"p-I, № 8426",,143
Хлебникова Т.А.,Савченкова Л.Л.,,1980,Болгарское городище,"Раскоп LXVIII; у котельной, восточнее Соборной мечети",78,,54.985588073,49.058267875,,,,Болгарский государственный историко-архитектурный музей-заповедник,"p-l, № 7818",,144
Шapифyллин P.Ф.,,,1980,Белая палата (руины),Раскоп LXXI; на Белой палате; на Белой палате,63,,54.979716003,49.052553259,,,,Институт археологии РАН,"p-I, № 8015",,145
Аксенова Н.Д.,,,1981,Мавзолей № 4 (руины),Раскоп LXXVI; к юго-востоку от Малого минарета; на мавзолеях,196,,54.979088027,49.066565429,,,,Институт археологии РАН,"p-l, № 8575",,146
Аксенова Н.Д.,,,1981,Мавзолей № 3 (руины),Раскоп LXXVII; к северо-востоку от Малого минарета; на мавзолеях,166,,54.981687160,49.064943484,,,,Институт археологии РАН,"p-I, № 8575",,147
Хлебникова Т.А.,Савченкова Л.Л.,,1981,Болгарское городище,Раскоп LXXVIII; к северу от Иерусалимского оврага; ,48,Савченкова Л.Л.,54.984307496,49.059929025,,,,Институт археологии РАН,"p-I, № 8520",,148
Хлебникова Т.А.,Беляев Л.А.,,1981,Болгарское городище,Раскоп LXXIX; на Малом городке; на оборонительных сооружениях (рвах и валах),84,Беляев Л.А.,54.966626766,49.059687595,,,,Институт археологии РАН,"p-I, № 8520",,149
Хлебникова Т.А.,,,1981,Белая палата (руины),Раскоп LXVII; на Белой палате; на Белой палате,112,,54.979967404,49.052631929,,,,Болгарский государственный историко-архитектурный музей-заповедник,"p-l, № 7525, 8556",,150
Шapифyллин P.Ф.,,,1981,Белая палата (руины),Раскоп LXXV; на Белой палате; на Белой палате,621,,54.979857731,49.052476221,,,,Институт археологии РАН,"p-l, № 8556, 9807",,151
Аксенова Н.Д.,,,1982,Болгарское городище,Раскоп LXXXI; к юго-востоку от Малого минарета,100,,54.980343211,49.066318430,,,,Институт археологии РАН,"p-I, № 9807",,152
Аксенова Н.Д.,,,1982,Болгарское городище,Раскоп LXXXIII; севернее Черной палаты,80,,54.983289720,49.053325490,,,,Институт археологии РАН,"p-I, № 9807",,153
Беляев Л.А.,,,1982,Южное здание (Малый городок),Раскоп LXXX; на Малом городке,304,,54.966216564,49.059101283,,,,Институт археологии РАН,"Р-1, № 9807, 10709, т.III",,154
Полубояринова М.Д.,,,1982,Мавзолей № 7 (руины),Раскоп LXXXIV; севернее Черной палаты; на мавзолеях,116,,54.983172480,49.053429489,,,,Институт археологии РАН,"p-I, № 9807",,155
Полякова Г.Ф.,Васильева И.K.,,1982,"Слобода ""Галанкино озеро""",Раскоп LXX; в западной части городища; в окрестностях озера Галанского,145,,54.977590679,49.046180369,,,,Институт археологии РАН,"p-I, № 9808",,156
Савченкова Л.Л.,Хлебникова Т.А.,,1982,Болгарское городище,Раскоп LXXXII; траншея к зданию фондохранилища; на оборонительных сооружениях (рвах и валах),36,,54.984950336,49.057980166,,,,Институт археологии РАН,"p-I, № 9807",,157
Хлебникова Т.А.,,,1982,Белая палата (руины),Раскоп LXVII; на Белой палате; на Белой палате,113,,54.979967404,49.052631929,,,,Болгарский государственный историко-архитектурный музей-заповедник,"p-l, № 9807",,158
Шapифyллин P.Ф.,,,1982,Белая палата (руины),Раскоп LXXV; на Белой палате; на Белой палате,621,,54.979801980,49.052338503,,,,Институт археологии РАН,"p-l, № 8556, 9807",,159
Аксенова Н.Д.,,,1983,Болгарское городище,Раскоп LXXXVI; севернее Черной палаты,80,,54.983239027,49.053498523,,,,Институт археологии РАН,"p-I, № 9600",,160
Аксенова Н.Д.,,,1983,Мавзолей № 5 (руины),Раскоп LXXXVIII; в южной части городища; на мавзолеях,264,,54.969463022,49.055437191,,,,Болгарский государственный историко-архитектурный музей-заповедник,"p-I, № 9600",,161
Полубояринова М.Д.,,,1983,Въездные ворота (Малый городок),Раскоп LXXXVII; на Малом городке,224,Беляев Л.А.,54.967115292,49.058622341,,,,Институт археологии РАН,"p-I, № 9600, 9602, т.III",,162
Полубояринова М.Д.,,,1983,Въездные ворота (Малый городок),Раскоп LXXXIX; на Малом городке,56,Беляев Л.А.,54.967126182,49.058857398,,,,Болгарский государственный историко-архитектурный музей-заповедник,"p-I, № 9600, 9602, т.III",,163
Полубояринова М.Д.,,,1983,Болгарское городище,"Раскоп LXXXV; центральная часть села, Шкoльный пep., y пepeкpecткa c yл. Haбepeжнoй; на оборонительных сооружениях (рвах и валах)",64,,54.985246106,49.052967715,,,,Институт археологии РАН,"p-I, № 9600, 9601, т.II",,164
Шapифyллин P.Ф.,,,1983,Белая палата (руины),Раскоп LXXV; на Белой палате; на Белой палате,621,,54.979865109,49.052326541,,,,Институт археологии РАН,"p-l, № 8556, 9807",,165
Аксенова Н.Д.,,,1984,Мавзолей № 5 (руины),Раскоп LXXXVIII; в южной части городища; на мавзолеях,264,,54.969463022,49.055437191,,,,Болгарский государственный историко-архитектурный музей-заповедник,"p-I, № 9600",,166
Беляев Л.А.,,,1984,Въездные ворота (Малый городок),Раскоп LXXXVII; на Малом городке,224,,54.967115292,49.058622341,,,,Институт археологии РАН,"p-I, № 10709, т.III",,167
Кавеев М.М.,"Савченкова Л.Л., Хлебникова Т.А.",,1984,Болгарское городище,Раскоп XCII; продолжение раскопа LXVIII,96,,54.985807731,49.058021704,,,,Болгарский государственный историко-архитектурный музей-заповедник,"p-I, № 107708, т.II, 11823",,168
Кавеев М.М.,"Савченкова Л.Л., Хлебникова Т.А.",,1984,Болгарское городище,Раскоп XCIII; продолжение раскопа LXVIII,48,,54.985884492,49.057992121,,,,Болгарский государственный историко-архитектурный музей-заповедник,"p-I, № 107708, т.II",,169
Полубояринова М.Д.,Шарифуллин Р.Ф.,,1984,Болгарское городище,Раскоп XCI; северо-западнее Б. Иерусалимского оврага; ,140,,54.984647168,49.059227193,,,,Болгарский государственный историко-архитектурный музей-заповедник,"p-I, № 10707, т.1",,170
Полубояринова М.Д.,Шарифуллин Р.Ф.,,1984,Болгарское городище,Раскоп XC; северо-западнее Б. Иерусалимского оврага; ,140,,54.984709796,49.059217870,,,,Болгарский государственный историко-архитектурный музей-заповедник,"p-I, № 10707, т.1",,171
Полубояринова М.Д.,Шарифуллин Р.Ф.,,1984,Восточная палата (Ханская баня) (руины),Раскоп XCIV; продолжение раскопов  XC-XCI (Восточная баня); на Восточной палате,108,,54.984679648,49.058971538,,,,Институт археологии РАН,"P-l,  № 11018, 11822, 12248",,172
Аксенова Н.Д.,,,1985,Мавзолей № 5 (руины),Раскоп LXXXVIII; в южной части городища; на мавзолеях,264,,54.969463022,49.055437191,,,,Болгарский государственный историко-архитектурный музей-заповедник,"p-I, № 9600",,173
Кавеев М.М.,,,1985,Болгарское городище,Раскоп XCVI; к юго-запалу от Соборной мечети,80,,54.985043733,49.054227354,,,,Институт археологии РАН,"p-l, № 11075",,174
Полубояринова М.Д.,Шарифуллин Р.Ф.,,1985,Болгарское городище,Раскоп XCV; продолжение раскопов  XC-XCI (Восточная баня),762,,54.984680135,49.059347690,,,,Институт археологии РАН,"P-l,  № 11018, 11822, 12248",,175
Полубояринова М.Д.,Шарифуллин Р.Ф.,,1985,Восточная палата (Ханская баня) (руины),Раскоп XCIV; продолжение раскопов  XC-XCI (Восточная баня); на Восточной палате,112,,54.984667116,49.059083139,,,,Институт археологии РАН,"P-l,  № 11018, 11822, 12248",,176
Аксенова Н.Д.,,,1986,Болгарское городище,Раскоп XCVIII; по ул. Набережной,72,,54.985292616,49.046323931,,,,Болгарский государственный историко-архитектурный музей-заповедник,,,177
Кавеев М.М.,"Савченкова Л.Л., Хлебникова Т.А.",,1986,Болгарское городище,Раскоп XCIII; продолжение раскопа LXVIII,48,,54.985884492,49.057992121,,,,Болгарский государственный историко-архитектурный музей-заповедник,"p-I, № 11823",,178
Полубояринова М.Д.,Шарифуллин Р.Ф.,,1986,Болгарское городище,Раскоп XCV; продолжение раскопов  XC-XCI (Восточная баня),762,,54.984684731,49.059441060,,,,Институт археологии РАН,"P-l,  № 11018, 11822, 12248",,179
Старостин П.Н.,,,1986,Болгарское городище,Раскоп XCVII; у М. Иерусалимского оврага,72,,54.986727048,49.070593431,,,,Институт археологии РАН,"p-I, № 11622",,180
Хлебникова Т.А.,,,1986,Болгарское городище,"Раскоп XСIX; восточнее раскопа LXVIII, 1979-1980 гг.",24,,54.985689267,49.058133761,,,,Институт археологии РАН,"p-I, № 11823",,181
Кавеев М.М.,,,1987,Болгарское городище,Раскоп С; между раскопами XCII и XСIX; ,30,,54.985757123,49.058104611,,,,Институт археологии РАН,"p-I, № 12248",,182
Полубояринова М.Д.,Шарифуллин Р.Ф.,,1987,Болгарское городище,Раскоп XCV; продолжение раскопов  XC-XCI (Восточная баня),762,,54.984672198,49.059552659,,,,Институт археологии РАН,"P-l,  № 11018, 11822, 12248",,183
Полубояринова М.Д.,Шарифуллин Р.Ф.,,1987,Восточная палата (Ханская баня) (руины),Раскоп XCIV; продолжение раскопов  XC-XCI (Восточная баня); на Восточной палате,156,,54.984659166,49.058837120,,,,Институт археологии РАН,"P-l,  № 11018, 11822, 12248",,184
Кавеев М.М.,,,1988,Болгарское городище,Раскоп CI; рядом с выставочным залом; на оборонительных сооружениях (рвах и валах),64,,54.985361249,49.057600397,,,,Болгарский государственный историко-архитектурный музей-заповедник,550-2/92,,185
Полубояринова М.Д.,Шарифуллин Р.Ф.,,1988,Болгарское городище,Раскоп XCV; продолжение раскопов  XC-XCI (Восточная баня),762,,54.984675371,49.059688836,,,,Институт археологии РАН,"P-l,  № 11018, 11822, 12248",,186
Полубояринова М.Д.,Шарифуллин Р.Ф.,,1988,Болгарское городище,Раскоп XCV; продолжение раскопов  XC-XCI (Восточная баня),762,,54.984629452,49.059752362,,,,Институт археологии РАН,"P-l,  № 11018, 11822, 12248",,187
Старостин П.Н.,,,1988,Болгарское городище,Раскоп CIII; у М. Иерусалимского оврага,272,,54.986094666,49.069910465,,,,Болгарский государственный историко-архитектурный музей-заповедник,626-1/100,,188
Шapифyллин P.Ф.,,,1988,Восточная палата (Ханская баня) (руины),Раскоп CII; у Восточной палаты; на Восточной палате,72,,54.984751920,49.059178504,,,,Болгарский государственный историко-архитектурный музей-заповедник,550-1/92,,189
Кавеев М.М.,Баранов В.С.,,1989,Болгарское городище,Раскоп CVII; в западной части села,112,,54.983880094,49.050971113,,,,Болгарский государственный историко-архитектурный музей-заповедник,556-1/94,,190
Полубояринова М.Д.,,,1989,Болгарское городище,Раскоп CIV; на месте бывшей усадьбы Бушевых; на Городском базаре,100,,54.984970826,49.053680686,,,,Болгарский государственный историко-архитектурный музей-заповедник,№ 551-1/93,,191
Полубояринова М.Д.,Шарифуллин Р.Ф.,,1989,Восточная палата (Ханская баня) (руины),Раскоп XCIV; продолжение раскопов  XC-XCI (Восточная баня); на Восточной палате,40,,54.984644541,49.058697732,,,,Болгарский государственный историко-архитектурный музей-заповедник,№ 551-1/94,,192
Полякова Г.Ф.,,,1989,Болгарское городище,Раскоп CV; на месте бывшей усадьбы Бушевых; на Городском базаре,48,,54.985061712,49.053734008,,,,Болгарский государственный историко-архитектурный музей-заповедник,№ 551-1/93,,193
Шapифyллин P.Ф.,,,1989,Болгарское городище,Раскоп CVI; к северу от Выставочного зала БГИАМЗ; на оборонительных сооружениях (рвах и валах),100,,54.985359291,49.057721614,,,,Болгарский государственный историко-архитектурный музей-заповедник,№ 551-1/93,,194
Полубояринова М.Д.,,,1990,Болгарское городище,Раскоп CVIII; на месте бывшей усадьбы Бушевых; на Городском базаре,48,,54.985044155,49.053627856,,,,Болгарский государственный историко-архитектурный музей-заповедник,672-2/105,,195
Полякова Г.Ф.,,,1990,Болгарское городище,Раскоп CIX; на месте бывшей усадьбы Бушевых; на Городском базаре,48,,54.984984157,49.053784359,,,,Болгарский государственный историко-архитектурный музей-заповедник,556-1/94,,196
Старостин П.Н.,,,1990,Болгарское городище,Раскоп CXI; у М. Иерусалимского оврага,170,,54.985976431,49.069944507,,,,Болгарский государственный историко-архитектурный музей-заповедник,не указан,,197
Шapифyллин P.Ф.,,,1990,Болгарское городище,Раскоп CX; у Восточной палаты,64,,54.984589653,49.059225955,,,,Болгарский государственный историко-архитектурный музей-заповедник,556-1/94,,198
Баранов В.С.,,,1991,Болгарское городище,Раскоп CXII; на спуске к туркомплексу с ул. Набережной,228,,54.985728827,49.051831581,,,,Болгарский государственный историко-архитектурный музей-заповедник,796-4,,199
Полякова Г.Ф.,,,1991,Болгарское городище,Раскоп CXIII; на месте бывшей усадьбы Бушевых; на Городском базаре,48,,54.984989107,49.053846247,,,,Болгарский государственный историко-архитектурный музей-заповедник,628-1/102,,200
Старостин П.Н.,,,1991,Болгарское городище,Раскоп CXIV; у М. Иерусалимского оврага,180,,54.985924387,49.070104138,,,,Болгарский государственный историко-архитектурный музей-заповедник,672-3/105,,201
Баранов В.С.,,,1992,Болгарское городище,Раскоп CXII; на спуске к туркомплексу с ул. Набережной,228,,54.985728827,49.051831581,,,,Болгарский государственный историко-архитектурный музей-заповедник,796-4,,202
Газимзянов И.Р.,,,1992,Болгарское городище,Раскоп CXVI; в юго-западной части городища,60,,54.973371734,49.059359462,,,,Болгарский государственный историко-архитектурный музей-заповедник,не указан,,203
Кавеев М.М.,,,1992,Болгарское городище,Раскоп CXVII; на спуске к туркомплексу с ул. Набережной,92,,54.985789677,49.052095227,,,,Болгарский государственный историко-архитектурный музей-заповедник,не указан,,204
Полякова Г.Ф.,,,1992,Болгарское городище,Раскоп CXV; на месте бывшей усадьбы Бушевых; на Городском базаре,84,,54.985060922,49.053853622,,,,Болгарский государственный историко-архитектурный музей-заповедник,672-4/105,,205
Старостин П.Н.,,,1992,Малый Иерусалимский овраг I селище,Раскоп CXX; у М. Иерусалимского оврага,176,,54.985871894,49.070261072,,,,Болгарский государственный историко-архитектурный музей-заповедник,не указан,,206
Баранов В.С.,,,1993,Болгарское городище,Раскоп CXII; на спуске к туркомплексу с ул. Набережной,228,,54.985728827,49.051831581,,,,Болгарский государственный историко-архитектурный музей-заповедник,796-4,,207
Баранов В.С.,,,1993,Восточный мавзолей (церковь св. Николая),Раскоп CXIX; Восточный мавзолей; на мавзолеях,42.2,Кавеев М.М.,54.985445552,49.056665853,,,,Болгарский государственный историко-архитектурный музей-заповедник,715-1,,208
Газимзянов И.Р.,,,1993,Болгарское городище,Раскоп CXVI; в юго-западной части городища,60,,54.973371734,49.059359462,,,,Болгарский государственный историко-архитектурный музей-заповедник,не указан,,209
Кавеев М.М.,,,1993,Болгарское городище,Раскоп CXVII; на спуске к туркомплексу с ул. Набережной,92,,54.985789677,49.052095227,,,,Болгарский государственный историко-архитектурный музей-заповедник,не указан,,210
Кокорина Н.А.,,,1993,Болгарское городище,Раскоп CXVIII; на месте бывшей усадьбы Бушевых; на Городском базаре,40,,54.985141315,49.053799880,,,,Болгарский государственный историко-архитектурный музей-заповедник,672-5/105,,211
Старостин П.Н.,,,1993,Малый Иерусалимский овраг I селище,Раскоп CXX; у М. Иерусалимского оврага,132,,54.985830877,49.070446875,,,,Болгарский государственный историко-архитектурный музей-заповедник,не указан,,212
Шapифyллин P.Ф.,,,1993,Восточная палата (Ханская баня) (руины),Раскоп CXXI; на Восточной бане; на Восточной палате,124,,54.984555774,49.058925149,,,,Болгарский государственный историко-архитектурный музей-заповедник,не указан,,213
Баранов В.С.,,,1994,Восточный мавзолей (церковь св. Николая),Раскоп CXIX; Восточный мавзолей; на мавзолеях,42.2,Кавеев М.М.,54.985445552,49.056665853,,,,Болгарский государственный историко-архитектурный музей-заповедник,715-1,,214
Баранов В.С.,,,1994,Болгарское городище,Раскоп CXXII; в юго-восточной части городища,289.5,,54.980331173,49.068283708,,,,Болгарский государственный историко-архитектурный музей-заповедник,"757-1,2/112, 767-1/113",,215
Баранов В.С.,,,1995,Болгарское городище,Раскоп CXXIV; у Британкина  озера,36,,54.984799880,49.043176586,,,,Болгарский государственный историко-архитектурный музей-заповедник,767-2/112,,216
Баранов В.С.,,,1995,Восточный мавзолей (церковь св. Николая),Раскоп CXIX; Восточный мавзолей; на мавзолеях,42.2,Кавеев М.М.,54.985445552,49.056665853,,,,Болгарский государственный историко-архитектурный музей-заповедник,796-1,,217
Баранов В.С.,,,1995,Болгарское городище,Раскоп CXXII; в юго-восточной части городища,36,,54.980287740,49.067917007,,,,Болгарский государственный историко-архитектурный музей-заповедник,"757-1,2/112, 767-1/113",,218
Баранов В.С.,,,1995,Болгарское городище,Раскоп CXXII; в юго-восточной части городища,78,,54.980410129,49.068428581,,,,Болгарский государственный историко-архитектурный музей-заповедник,"757-1,2/112, 767-1/113",,219
Кавеев М.М.,,,1995,Болгарское городище,Раскоп CXXV; на хозяйственном дворе ,80,,54.986062465,49.057903474,,,,Болгарский государственный историко-архитектурный музей-заповедник,не указан,,220
Кавеев М.М.,,,1995,Болгарское городище,Раскоп CXXVII; на хозяйственном дворе ,80,,54.985970440,49.057907964,,,,Болгарский государственный историко-архитектурный музей-заповедник,не указан,,221
Баранов В.С.,,,1996,Болгарское городище,Раскоп CXXII; в юго-восточной части городища,47.2,,54.980459689,49.068369266,,,,Болгарский государственный историко-архитектурный музей-заповедник,"757-1,2/112, 767-1/113",,222
Баранов В.С.,,,1996,Болгарское городище,Раскоп CXXII; в юго-восточной части городища,72,,54.980524069,49.068463352,,,,Болгарский государственный историко-архитектурный музей-заповедник,"757-1,2/112, 767-1/113",,223
Газимзянов И.Р.,,,1996,Болгарское городище,Раскоп CXXXII; на мысу между Б. и М. Иерусалимскими оврагами,36,,54.987034085,49.067046614,,,,Болгарский государственный историко-архитектурный музей-заповедник,"952-1/201, 920-1/195, 1085-3/256",,224
Кавеев М.М.,,,1996,Болгарское городище,Раскоп CXXVI; в восточной части ул. Назаровых,150,,54.985289445,49.060063560,,,,Болгарский государственный историко-архитектурный музей-заповедник,757-5/112,,225
Баранов В.С.,,,1997,Болгарское городище,Раскоп CXXVIII; на ул.Назаровых в районе Британкина озера,49,,54.984286050,49.043198101,,,,Болгарский государственный историко-архитектурный музей-заповедник,796-2,,226
Баранов В.С.,,,1997,Болгарское городище,"Раскоп CXXIX; на ул. Назаровых, продолжение раскопа CXXVI; ",184,,54.985195447,49.059425174,,,,Болгарский государственный историко-архитектурный музей-заповедник,796-3,,227
Газимзянов И.Р.,,,1997,Болгарское городище,Раскоп CXXXII; на мысу между Б. и М. Иерусалимскими оврагами,36,,54.986927884,49.067015090,,,,Болгарский государственный историко-архитектурный музей-заповедник,"952-1/201, 920-1/195, 1085-3/256",,228
Губайдуллин А.М.,,,1997,Болгарское городище,"Раскоп CXXXI; на ул. Назаровых, севернее здания фондохранилища заповедника, продолжение раскопа CXXVI; на оборонительных сооружениях (рвах и валах)",32,,54.985032970,49.058329026,,,,Болгарский государственный историко-архитектурный музей-заповедник,791-1/114,,229
Кавеев М.М.,,,1997,Болгарское городище,"Раскоп CXXX; на ул. Назаровых, продолжение раскопа CXXVI; ",40,,54.985129855,49.059024393,,,,Болгарский государственный историко-архитектурный музей-заповедник,802-1/118,,230
Баранов В.С.,,,1998,Болгарское городище,"Раскоп CXXIX; на ул. Назаровых, продолжение раскопа CXXVI; ",184,,54.985195447,49.059425174,,,,Болгарский государственный историко-архитектурный музей-заповедник,796-3,,231
Газимзянов И.Р.,,,1998,Болгарское городище,Раскоп CXXXIV; к северу от проезда с территории городища в с.Подыванова,134,,54.982413492,49.072736718,,,,Болгарский государственный историко-архитектурный музей-заповедник,791-1/114,,232
Газимзянов И.Р.,,,1998,Болгарское городище,Раскоп CXXXII; на мысу между Б. и М. Иерусалимскими оврагами,54,,54.986901980,49.067047023,,,,Болгарский государственный историко-архитектурный музей-заповедник,"952-1/201, 920-1/195, 1085-3/256",,233
Кавеев М.М.,,,1998,Болгарское городище,Раскоп CXXXIII; западнее Малого минарета; ,72,,54.980609827,49.057903595,,,,Болгарский государственный историко-архитектурный музей-заповедник,794-1/115,,234
Кавеев М.М.,,,1998,Болгарское городище,Раскоп CXXXVI; западнее Малого минарета,72,,54.980644730,49.057857250,,,,Болгарский государственный историко-архитектурный музей-заповедник,794-1/115,,235
Шapифyллин P.Ф.,,,1998,Дом с башнями (Ханский дворец) (руины),Раскоп CXXIII; к северу от хозяйственного двора; Ханский дворец,288,,54.986442194,49.057666064,,,,Болгарский государственный историко-архитектурный музей-заповедник,"715-2,919-1/194,961-1/202,1085-1/254,1121-6/278",,236
Баранов В.С.,,,1999,Болгарское городище,Раскоп CXXXV; в юго-восточной части городища,80,,54.980186811,49.068436655,,,,Болгарский государственный историко-архитектурный музей-заповедник,не указан,,237
Газимзянов И.Р.,,,1999,Болгарское городище,Раскоп CXXXII; на мысу между Б. и М. Иерусалимскими оврагами,198,,54.986869554,49.067108034,,,,Болгарский государственный историко-архитектурный музей-заповедник,"952-1/201, 920-1/195, 1085-3/256",,238
Газимзянов И.Р.,,Раскопки Усть-Иерусалимского некрополя,2000,Болгарское городище,Раскоп CXXXII; на мысу между Б. и М. Иерусалимскими оврагами,135,,54.986998015,49.067200735,Исследование Усть-Иерусалимского некрополя в 2000 году,2001,Казань,Болгарский государственный историко-архитектурный музей-заповедник,"952-1/201, 920-1/195, 1085-3/256",,239
Губайдуллин А.М.,,,2000,Болгарское городище,Раскоп CXXXVII; В 6 м северу от раскопа CXXIII,32,,54.986558688,49.057617518,"Археологические исследования на территории Болгарского городища (р.CXXXVII и ""Восточный проезд"") в 2000 году",2001,Казань,Болгарский государственный историко-архитектурный музей-заповедник,"921-1/96, 962-1/203, 1085-2/255",,240
Кавеев М.М.,,,2000,Болгарское городище,Раскоп CXXXVIII; между зданиями фондохранилища и дирекции заповедника; ,16,,54.984478934,49.056842126,Отчет об охранно-исследовательских работах на территории Болгарского городища в 2000г.,2000,Казань,Болгарский государственный историко-архитектурный музей-заповедник,940-1/197,,241
Кокорина Н.А.,,,2000,Болгарское городище,Раскоп CXVIII; на месте бывшей усадьбы Бушевых; на Городском базаре,40,,54.985110747,49.053684507,,,,Болгарский государственный историко-архитектурный музей-заповедник,963-1/204,,242
Шapифyллин P.Ф.,,,2000,Дом с башнями (Ханский дворец) (руины),Раскоп CXXIII; к северу от хозяйственного двора; Ханский дворец,64,,54.986479053,49.057868634,,,,Болгарский государственный историко-архитектурный музей-заповедник,"715-2,919-1/194,961-1/202,1085-1/254,1121-6/278",,243
Газимзянов И.Р.,,,2001,Болгарское городище,Раскоп CXXXII; на мысу между Б. и М. Иерусалимскими оврагами,162,,54.986970334,49.067278632,Научный отчет об археологических раскопках Усть-Иерусалимского могильника в 2001 году ,,,Болгарский государственный историко-архитектурный музей-заповедник,"952-1/201, 920-1/195, 1085-3/256",,244
Губайдуллин А.М.,,,2001,Болгарское городище,Раскоп CXXXVII; В 6 м северу от раскопа CXXIII,32,,54.986594600,49.057617002,Археологические исследования на территории Болгарского городища (р.CXXXVII) в 2001 году,,,Болгарский государственный историко-архитектурный музей-заповедник,"921-1/96, 962-1/203, 1085-2/255",,245
Кавеев М.М.,,,2001,Болгарское городище,Раскоп CXXXIX; с северной стороны выставочного здания заповедника; ,42,,54.985570903,49.058115649,,,,Болгарский государственный историко-архитектурный музей-заповедник,не указан,,246
Баранов В.С.,,,2002,Болгарское городище,Раскоп CXL; в юго-восточной части городища,88,,54.980519617,49.068198046,Отчет об археологическом изучении юго-восточной части Болгарского  городища в 2002 году (раскоп CXL),,,Болгарский государственный историко-архитектурный музей-заповедник,1032-1/241,,247
Газимзянов И.Р.,,,2002,Болгарское городище,Раскоп CXXXII; на мысу между Б. и М. Иерусалимскими оврагами,117,,54.986969002,49.067356465,Отчет об археологических раскопках Усть-Иерусалимского могильника в 2003 году,,,Болгарский государственный историко-архитектурный музей-заповедник,"952-1/201, 920-1/195, 1085-3/256",,248
Губайдуллин А.М.,,,2002,Болгарское городище,Раскоп CXXXVII; В 6 м северу от раскопа CXXIII,32,,54.986577082,49.057710994,Научный отчет об архитектурно-археологическом исследовании Болгарского городища 10-15 вв.- объекта культурного наследия федерального значения,,,Болгарский государственный историко-архитектурный музей-заповедник,"921-1/96, 962-1/203, 1085-2/255",,249
Кавеев М.М.,,,2002,Болгарское городище,Раскоп CXXXIX; с северной стороны выставочного здания заповедника; ,43,,54.985570903,49.058115649,,,,Болгарский государственный историко-архитектурный музей-заповедник,не указан,,250
Шapифyллин P.Ф.,,,2002,Дом с башнями (Ханский дворец) (руины),Раскоп CXXIII; к северу от хозяйственного двора; Ханский дворец,128,,54.986371318,49.057870184,,,,Болгарский государственный историко-архитектурный музей-заповедник,"715-2,919-1/194,961-1/202,1085-1/254,1121-6/278",,251
Баранов В.С.,,,2003,Болгарское городище,Раскоп CXL; в юго-восточной части городища,88,,54.980519617,49.068198046,,,,Болгарский государственный историко-архитектурный музей-заповедник,1032-1/241,,252
Газимзянов И.Р.,,,2003,Болгарское городище,Раскоп CXXXII; на мысу между Б. и М. Иерусалимскими оврагами,126,,54.986984820,49.067429346,,,,Болгарский государственный историко-архитектурный музей-заповедник,"952-1/201, 920-1/195, 1085-3/256",,253
Губайдуллин А.М.,,,2003,Болгарское городище,Раскоп CXXXVII; В 6 м северу от раскопа CXXIII,32,,54.986577373,49.057773482,,,,Болгарский государственный историко-архитектурный музей-заповедник,"921-1/96, 962-1/203, 1085-2/255",,254
Губайдуллин А.М.,,,2003,Болгарское городище,"Раскоп CXLI; В северной части памятника, в 2 м к югу от раскопа CXXIII",80,,54.986156358,49.057982637,,,,Болгарский государственный историко-архитектурный музей-заповедник,1121-5/277,,255
Кавеев М.М.,,,2003,Болгарское городище,"Раскоп CXLII; на левом склоне Б. Иерусалимского оврага, расчистка гончарного горна",16,,54.982985635,49.060352647,,,,Болгарский государственный историко-архитектурный музей-заповедник,не указан,,256
Шapифyллин P.Ф.,,,2003,Дом с башнями (Ханский дворец) (руины),Раскоп CXXIII; к северу от хозяйственного двора; Ханский дворец,100,,54.986344914,49.057676214,,,,Болгарский государственный историко-архитектурный музей-заповедник,"715-2,919-1/194,961-1/202,1085-1/254,1121-6/278",,257
Губайдуллин А.М.,,,2004,Болгарское городище,"Раскоп CXLIII; по ул. Набережная, между спуском к туркомплексу и сельским магазином",20,,54.985202442,49.048779067,,,,Болгарский государственный историко-архитектурный музей-заповедник,1121-5/277,,258
Губайдуллин А.М.,,,2004,Болгарское городище,"Раскоп CXLI; В северной части памятника, в 2 м к югу от раскопа CXXIII",80,,54.986155339,49.057763930,,,,Болгарский государственный историко-архитектурный музей-заповедник,1121-5/277,,259
Шapифyллин P.Ф.,,,2004,Дом с башнями (Ханский дворец) (руины),Раскоп CXXIII; к северу от хозяйственного двора; Ханский дворец,92,,54.986288984,49.057710383,,,,Болгарский государственный историко-архитектурный музей-заповедник,"715-2,919-1/194,961-1/202,1085-1/254,1121-6/278",,260
Губайдуллин А.М.,,,2005,Болгарское городище,"Раскоп CXLI; В северной части памятника, в 2 м к югу от раскопа CXXIII",80,,54.986155921,49.057888904,,,,Болгарский государственный историко-архитектурный музей-заповедник,1085-2/255,,261
Шapифyллин P.Ф.,,,2005,Дом с башнями (Ханский дворец) (руины),Раскоп CXXIII; к северу от хозяйственного двора; Ханский дворец,48,,54.986245774,49.057903236,,,,Болгарский государственный историко-архитектурный музей-заповедник,"715-2,919-1/194,961-1/202,1085-1/254,1121-6/278",,262
Шapифyллин P.Ф.,,,2005,Дом с башнями (Ханский дворец) (руины),Раскоп CXXIII; к северу от хозяйственного двора; Ханский дворец,80,,54.986227161,49.057762897,,,,Болгарский государственный историко-архитектурный музей-заповедник,"715-2,919-1/194,961-1/202,1085-1/254,1121-6/278",,263
Губайдуллин А.М.,,,2006,Болгарское городище,Раскоп CXLIV; в 170 м к северо-востоку от колокольни местной церкви; на оборонительных сооружениях (рвах и валах),168,,54.966771227,49.052816124,,,,Болгарский государственный историко-архитектурный музей-заповедник,-,,264
Губайдуллин А.М.,,,2006,Болгарское городище,Раскоп CXLV; в 50 с северо-восточнее раскопа CXLIV и 220 м от колокольни церкви; на оборонительных сооружениях (рвах и валах),112,,54.966706633,49.053683125,,,,Болгарский государственный историко-архитектурный музей-заповедник,-,,265
Шapифyллин P.Ф.,,,2006,Дом с башнями (Ханский дворец) (руины),Раскоп CXXIII; к северу от хозяйственного двора; Ханский дворец,24,,54.986245555,49.057856371,,,,Болгарский государственный историко-архитектурный музей-заповедник,"715-2,919-1/194,961-1/202,1085-1/254,1121-6/278",,266
Шapифyллин P.Ф.,,,2007,Дом с башнями (Ханский дворец) (руины),Раскоп CXXIII; к северу от хозяйственного двора; Ханский дворец,84,,54.986255116,49.057981217,,,,Болгарский государственный историко-архитектурный музей-заповедник,-,,267
Губайдуллин А.М.,,,2008,Болгарское городище,Раскоп CXLII; В 150 м к северо-северо-западу от комплекса Малого минорета и Ханских усыпальниц; ,13,,54.983007473,49.060453494,,,,Болгарский государственный историко-архитектурный музей-заповедник,-,,268
Шapифyллин P.Ф.,,,2008,Дом с башнями (Ханский дворец) (руины),Раскоп CXXIII; к северу от хозяйственного двора; Ханский дворец,132,,54.986325677,49.058059737,,,,Болгарский государственный историко-архитектурный музей-заповедник,-,,269
Шapифyллин P.Ф.,,,2009,Болгарское городище,Раскоп CXXIII; к северу от хозяйственного двора,56,,54.986390076,49.058041768,,,,Болгарский государственный историко-архитектурный музей-заповедник,"715-2,919-1/194,961-1/202,1085-1/254,1121-6/278",,270
Баранов В.С.,Губайдуллин А.М.,,2010,Болгарское городище,Раскоп CXLIX; речной вокзал,648,,54.986382451,49.048314046,,,,Болгарский государственный историко-архитектурный музей-заповедник,-,,271
Баранов В.С.,Губайдуллин А.М.,,2010,Болгарское городище,Раскоп CXLIX; речной вокзал,360,,54.986189820,49.048268026,,,,Болгарский государственный историко-архитектурный музей-заповедник,-,,272
Баранов В.С.,Губайдуллин А.М.,,2010,Болгарское городище,Раскоп CXLIX; речной вокзал,384,,54.986319855,49.048780216,,,,Болгарский государственный историко-архитектурный музей-заповедник,-,,273
Баранов В.С.,Губайдуллин А.М.,,2010,Болгарское городище,Раскоп CXLIX; речной вокзал,384,,54.986194158,49.048783406,,,,Болгарский государственный историко-архитектурный музей-заповедник,-,,274
Баранов В.С.,Губайдуллин А.М.,,2010,Болгарское городище,Раскоп CXLIX; речной вокзал,288,,54.986068986,49.048849067,,,,Болгарский государственный историко-архитектурный музей-заповедник,-,,275
Баранов В.С.,Губайдуллин А.М.,,2010,Болгарское городище,Раскоп CXLIX; речной вокзал,240,,54.986072140,49.049223888,,,,Болгарский государственный историко-архитектурный музей-заповедник,-,,276
Баранов В.С.,Губайдуллин А.М.,,2010,Болгарское городище,Раскоп CXLIX; речной вокзал,240,,54.986206815,49.049220470,,,,Болгарский государственный историко-архитектурный музей-заповедник,-,,277
Баранов В.С.,Губайдуллин А.М.,,2010,Болгарское городище,Раскоп CXLVI; Дорога,300,,54.980276125,49.056302845,,,,Болгарский государственный историко-архитектурный музей-заповедник,-,,278
Валиев Р.Р.,Губайдуллин А.М.,,2010,Болгарское городище,Раскоп CLIII; БКТП и котельная; БКТП и котельная,338,,54.986033302,49.047064634,,,,Болгарский государственный историко-архитектурный музей-заповедник,-,,279
Валиев Р.Р.,"Губайдуллин Т.Р., Мирсияпов И.Ю., Беляев А.В., Хамзин Р.Н., Губайдуллин А.М.",,2010,Болгарское городище,Раскоп CLI; Спуск к речному вокзалу; у речного вокзала,1100,,54.985835378,49.048625259,,,,Болгарский государственный историко-архитектурный музей-заповедник,-,,280
Губайдуллин А.М.,,,2010,Болгарское городище,Раскоп CL; БКТП; БКТП,36,,54.986663410,49.059602496,,,,Болгарский государственный историко-архитектурный музей-заповедник,-,,281
Губайдуллин А.М.,,,2010,Болгарское городище,Раскоп CLII; Выставочный зал,96,,54.985206194,49.057758367,,,,Болгарский государственный историко-архитектурный музей-заповедник,-,,282
Губайдуллин А.М.,,,2010,Болгарское городище,Раскоп CXLVII; Дорога,60,,54.980618432,49.056122650,,,,Болгарский государственный историко-архитектурный музей-заповедник,-,,283
Губайдуллин А.М.,,,2010,Болгарское городище,Раскоп CXLVIII; Памятный знак,576,,54.985864861,49.052745079,,,,Болгарский государственный историко-архитектурный музей-заповедник,-,,284
Баранов В.С.,,,2011,Болгарское городище,Раскоп CLXV; на месте предстоящего строительства памятника «Хранительница Болгара»,130,"Беляев А.В., Нуриев А.Г.",54.986147832,49.054422307,,,,Болгарский государственный историко-архитектурный музей-заповедник,-,,285
Баранов В.С.,,,2011,Болгарское городище,Раскоп CLXIII; к северу от хозяйственного двора (могильник); ,40,,54.979363400,49.054605019,,,,Болгарский государственный историко-архитектурный музей-заповедник,-,,286
Баранов В.С.,,,2011,Болгарское городище,Раскоп CLXII; на месте бывшей усадьбы Бушевых; на Городском базаре,188,,54.985019766,49.053490138,,,,Болгарский государственный историко-архитектурный музей-заповедник,-,,287
Баранов В.С.,,,2011,Болгарское городище,Раскоп CLIX; у речного вокзала,448,Губайдуллин А.М.,54.985805871,49.048285750,,,,Болгарский государственный историко-архитектурный музей-заповедник,-,,288
Баранов В.С.,,,2011,Болгарское городище,Раскоп CLVIII; у речного вокзала,608,,54.985771071,49.049038859,,,,Болгарский государственный историко-архитектурный музей-заповедник,-,,289
Беляев А.В.,Ситдиков А.Г.,,2011,Болгарское городище,Раскоп CLIV; Санитарная зона (на участке строительства палаточного лагеря ); санитарная зона,98.56,,54.979486649,49.054808894,,,,Болгарский государственный историко-архитектурный музей-заповедник,-,,290
Беляев А.В.,Ситдиков А.Г.,,2011,Болгарское городище,Раскоп CLV; Санитарная зона (на участке строительства палаточного лагеря ); санитарная зона,98.56,,54.979626962,49.055188807,,,,Болгарский государственный историко-архитектурный музей-заповедник,-,,291
Беляев Л.А.,"Елкина И.И., Лазукин А.В.",,2011,Южное здание (Малый городок),Раскоп CLXIV; Южное здание Малого городка; на Малом городке,396,,54.966179460,49.059125574,,,,Болгарский государственный историко-архитектурный музей-заповедник,-,,292
Валиев Р.Р.,,,2011,Болгарское городище,Раскоп CLXI; у речного вокзала,580,,54.985609268,49.048582233,,,,Болгарский государственный историко-архитектурный музей-заповедник,-,,293
Губайдуллин А.М.,,,2011,Болгарское городище,Раскоп CLX; в восточной части городища,592,,54.982565944,49.062206175,,,,Болгарский государственный историко-архитектурный музей-заповедник,-,,294
Сивицкий М.В.,Баранов В.С.,,2011,Болгарское городище,Раскоп CLVI; Зона благоустройства Памятного знака,950,,54.985670797,49.052622759,,,,Болгарский государственный историко-архитектурный музей-заповедник,-,,295
Баранов В.С.,,,2012,Болгарское городище,Раскоп CLXXVI; на месте бывшей усадьбы Бушевых; на Городском базаре,156,,54.984968346,49.053318651,,,,Болгарский государственный историко-архитектурный музей-заповедник,-,,296
Беляев А.В.,Валиев Р.Р.,,2012,Болгарское городище,Раскоп CLXVIII; Дорога,496,,54.983432555,49.052196622,,,,Болгарский государственный историко-архитектурный музей-заповедник,-,,297
Беляев А.В.,Валиев Р.Р.,,2012,Болгарское городище,Раскоп CLXX; Фестивально-событийная площадка,155,,54.979592530,49.048291204,,,,Болгарский государственный историко-архитектурный музей-заповедник,-,,298
Беляев А.В.,Валиев Р.Р.,,2012,Болгарское городище,Раскоп CLXIX; Фестивально-событийная площадка,0.1,,54.979544135,49.048097836,,,,Болгарский государственный историко-архитектурный музей-заповедник,-,,299
Валиев Р.Р.,,,2012,Болгарское городище,Раскоп CLXXII; На спуске к туркомплексу с ул.Набережной,432,,54.985620295,49.051555813,,,,Болгарский государственный историко-архитектурный музей-заповедник,-,,300
Валиев Р.Р.,,,2012,Болгарское городище,Раскоп CLXXIII; у речного вокзала,279.5,,54.986575506,49.050059226,,,,Болгарский государственный историко-архитектурный музей-заповедник,-,,301
Валиев Р.Р.,,,2012,Болгарское городище,Раскоп CLXXVII; у речного вокзала,108,,54.985706390,49.049333612,,,,Болгарский государственный историко-архитектурный музей-заповедник,-,,302
Валиев Р.Р.,,,2012,Болгарское городище,Раскоп CLXVII; ГНБ,24,,54.985606783,49.053638404,,,,Болгарский государственный историко-архитектурный музей-заповедник,-,,303
Валиев Р.Р.,,,2012,Болгарское городище,Раскоп CLXXVII; у речного вокзала; у речного вокзала,108,,54.985895286,49.049327351,,,,Болгарский государственный историко-архитектурный музей-заповедник,-,,304
Волков И.В.,Валиев Р.Р.,,2012,Болгарское городище,Раскоп CLXXVIII; Аномалия 2,100,,54.970481045,49.052673325,,,,Болгарский государственный историко-архитектурный музей-заповедник,-,,305
Волков И.В.,,,2012,Болгарское городище,"Раскоп CLXXV; Аномалия 1"""" в юго-западной части городища; ",111,,54.970950382,49.054052186,,,,Болгарский государственный историко-архитектурный музей-заповедник,-,,306
Губайдуллин Т.Р.,,,2012,"Слобода ""Галанкино озеро""",Раскоп; горны (частичная расчисткая раскопа LXX ); в окрестностях озера Галанского,,,54.977475845,49.046235068,,,,Болгарский государственный историко-архитектурный музей-заповедник,-,,307
Губайдуллин Т.Р.,Валиев Р.Р.,,2012,Болгарское городище,Раскоп CLXXXI; ЗБ Речной вокзал; у речного вокзала,120,,54.985594461,49.048234048,,,,Болгарский государственный историко-архитектурный музей-заповедник,-,,308
Губайдуллин Т.Р.,Валиев Р.Р.,,2012,Болгарское городище,Раскоп CLXXXII; Дорога; у речного вокзала,448,,54.985718550,49.047258589,,,,Болгарский государственный историко-архитектурный музей-заповедник,-,,309
Елкина И.И.,,,2012,Мавзолей № 8 (Южный мавзолей)(руины),Раскоп CLXXIV; Мавзолей; на мавзолеях,500,,54.972040684,49.061106901,,,,Болгарский государственный историко-архитектурный музей-заповедник,-,,310
Елкина И.И.,,,2012,Болгарское городище,Раскоп на Малом городке,88,,54.966628193,49.059011598,,,,Болгарский государственный историко-архитектурный музей-заповедник,-,,311
Елкина И.И.,,,2012,Болгарское городище,Раскоп CLXXX; Аномалия 3 на Малом городке,36,,54.966817893,49.059376709,,,,Болгарский государственный историко-архитектурный музей-заповедник,-,,312
Елкина И.И.,,,2012,Болгарское городище,Раскоп на Малом городке,20,,54.966286178,49.058640367,,,,Болгарский государственный историко-архитектурный музей-заповедник,-,,313
Коваль В.Ю.,Бадеев Д.Ю.,,2012,Болгарское городище,Раскоп CLXXIX; на месте бывшей усадьбы Курсиных; на Городском базаре,168,,54.984898947,49.053500832,,,,Болгарский государственный историко-архитектурный музей-заповедник,-,,314
Шapифyллин P.Ф.,,,2012,Болгарское городище,Раскоп CLXXI; у Соборной мечети,400,,54.985378004,49.055304483,,,,Болгарский государственный историко-архитектурный музей-заповедник,-,,315
Бочаров С.Г.,Ситдиков А.Г.,,2013,Болгарское городище,Раскоп CLXXXIX; на набережной (аномалия 1),840,,54.985842168,49.044787263,,,,Болгарский государственный историко-архитектурный музей-заповедник,-,,316
Бочаров С.Г.,Ситдиков А.Г.,,2013,Болгарское городище,Раскоп CXCI; на набережной (мавзолей); на мавзолеях,600,,54.985635870,49.045702985,,,,Болгарский государственный историко-архитектурный музей-заповедник,-,,317
Волков И.В.,Ситдиков А.Г.,,2013,Мавзолей № 9 (руины),Раскоп CXCIV; Каменное здание; на мавзолеях,400,,54.977769951,49.063323602,,,,Болгарский государственный историко-архитектурный музей-заповедник,-,,318
Елкина И.И.,Лазукин А.В.,,2013,Мавзолей 2013 года,Раскоп CXCVII; Мавзолей на Малом городке; на Малом городке,600,,54.967021765,49.059966504,,,,Болгарский государственный историко-архитектурный музей-заповедник,-,,319
Елкина И.И.,,,2013,Болгарское городище,Раскоп CXCVIIIа; на Малом городке,32,,54.966701202,49.059732918,,,,Болгарский государственный историко-архитектурный музей-заповедник,-,,320
Елкина И.И.,,,2013,Болгарское городище,Раскоп CXCVIIIб; на Малом городке,24,,54.966721781,49.060345552,,,,Болгарский государственный историко-архитектурный музей-заповедник,-,,321
Коваль В.Ю.,Бадеев Д.Ю.,,2013,Болгарское городище,Раскоп CLXXIX; на месте бывшей усадьбы Бушевых; на Городском базаре,246,,54.984787213,49.053484476,,,,Болгарский государственный историко-архитектурный музей-заповедник,-,,322
Коваль В.Ю.,Бадеев Д.Ю.,,2013,Болгарское городище,Раскоп CXCII; на месте бывшей усадьбы Бушевых; на Городском базаре,60,,54.984887577,49.053823549,,,,Болгарский государственный историко-архитектурный музей-заповедник,-,,323
Сивицкий М.В.,Ситдиков А.Г.,,2013,Болгарское городище,Раскоп CLXXXV; речной вокзал,1303,,54.985464823,49.048687480,,,,Болгарский государственный историко-архитектурный музей-заповедник,-,,324
Сивицкий М.В.,Ситдиков А.Г.,,2013,Болгарское городище,Раскоп CLXXXVIII; дорога к речному вокзалу; у речного вокзала,180,,54.986040083,49.047671643,,,,Болгарский государственный историко-архитектурный музей-заповедник,-,,325
Сивицкий М.В.,Ситдиков А.Г.,,2013,Болгарское городище,Раскоп CLXXXVII; дорога к речному вокзалу; у речного вокзала,189,,54.985659972,49.047060137,,,,Болгарский государственный историко-архитектурный музей-заповедник,-,,326
Сивицкий М.В.,Ситдиков А.Г.,,2013,Болгарское городище,Раскоп CLXXXIII; кабель к речному вокзалу; у речного вокзала,108,,54.985920310,49.047819434,,,,Болгарский государственный историко-архитектурный музей-заповедник,-,,327
Ситдиков А.Г.,,,2013,Болгарское городище,Раскоп CXCVI; в центральной части городища,720,,54.984447368,49.054646134,,,,Болгарский государственный историко-архитектурный музей-заповедник,-,,328
Смирнов А.Н.,Коваль В.Ю.,,2013,Мавзолей 2013 года,Раскоп CXC; Дорожка на Малом городке; на Малом городке,199,,54.967022405,49.059946536,,,,Болгарский государственный историко-архитектурный музей-заповедник,-,,329
Бадеев Д.Ю.,Коваль В.Ю.,,2014,Болгарское городище,Раскоп CLXXIX; на месте бывшей усадьбы Курсиных; на Городском базаре,180,,54.984688502,49.053524831,,,,Болгарский государственный историко-архитектурный музей-заповедник,,,330
Бадеев Д.Ю.,Коваль В.Ю.,,2014,Болгарское городище,Раскоп CXCII; у бывшей усадьбы Бушевых; на Городском базаре,140,,54.984936608,49.053931540,,,,Болгарский государственный историко-архитектурный музей-заповедник,,,331
Бочаров С.Г.,,,2014,Болгарское городище,Раскоп CXCIX; около восточной бани,2500,,54.984978556,49.059662631,,,,Болгарский государственный историко-архитектурный музей-заповедник,,,332
Волков И.В.,,,2014,Болгарское городище,Раскоп CCI; в юго-западной части городища,140,,54.969817140,49.051538143,,,,Болгарский государственный историко-архитектурный музей-заповедник,,,333
Волков И.В.,,,2014,Болгарское городище,Раскоп CCII; в юго-западной части городища,196,,54.969500318,49.051959707,,,,Болгарский государственный историко-архитектурный музей-заповедник,,,334
Волков И.В.,,,2014,Болгарское городище,Раскоп CCIII; В юго-западной части городища,100,,54.971944019,49.052493791,,,,Болгарский государственный историко-архитектурный музей-заповедник,-,,335
Сивицкий М.В.,,,2014,Болгарское городище,Раскоп CC; напротив речного вокзала,1458,,54.985247157,49.048788074,,,,Болгарский государственный историко-архитектурный музей-заповедник,,,336